name,id,version,chainId,chainName,moduleName,contractAddress
OKX Web3,15151,115186,1,eth,smoothyV1Adapter,0x2b226DFA5cd9BEd2F3a171E8Df549d59588B52D0
OKX Web3,15151,115186,1,eth,dnyAdapter,0x031F1aD10547b8dEB43A36e5491c06A93812023a
OKX Web3,15151,115186,1,eth,ShellAdapter,0x6F9813c927C8bD794cC45E8eCd1DcB169691D9c3
OKX Web3,15151,115186,1,eth,fraxswapAdapter,0x3E3A17996BE66d9C011Be274f8E102cFED83B60E
OKX Web3,15151,115186,1,eth,HashflowAdapter,0xeEAF37958CE59aA12a2fa828cF618AA4f6778e47
OKX Web3,15151,115186,1,eth,tokenApprove,0x40aA958dd87FC8305b97f2BA922CDdCa374bcD7f
OKX Web3,15151,115186,1,eth,dexRouter,0x3b3ae790Df4F312e745D270119c6052904FB6790
OKX Web3,15151,115186,1,eth,dexRouter_v2,0xf3de3c0d654fda23dad170f0f320a92172509127
OKX Web3,15151,115186,1,eth,dexRouter_v3,0x7D0CcAa3Fac1e5A943c5168b6CEd828691b46B36
OKX Web3,15151,115186,1,eth,wnativeRelayer,0x5703B683c7F928b721CA95Da988d73a3299d4757
OKX Web3,15151,115186,1,eth,tokenApproveProxy,0x70cBb871E8f30Fc8Ce23609E9E0Ea87B6b222F58
OKX Web3,15151,115186,1,eth,balancerAdapter,0x2fa31d2ac017869998F9574bAC76094a8110cf7C
OKX Web3,15151,115186,1,eth,balancerV2Adapter    ,0x4E187d91C39686099fEAf2b57003BF524A2787C6
OKX Web3,15151,115186,1,eth,bancorAdapter        ,0x7C443F4088c0a3a5DaEDA316762BcC389bD63b4D
OKX Web3,15151,115186,1,eth,curve,0x47B5BC2C49aD25dFa6d7363c5e9B28eF804e1185
OKX Web3,15151,115186,1,eth,curveV2 ,0xB2DC2da9684DfEF77CFa5c6bb07e733023715292
OKX Web3,15151,115186,1,eth,curveStableNG,0xEcd7Eef15713997528896Cb5db7ec316Db4C2101
OKX Web3,15151,115186,1,eth,kyber         ,0x1c8875B6A9Df43256b244a7Ba4790F6A7185d8c9
OKX Web3,15151,115186,1,eth,uniV2,0xc837BbEa8C7b0caC0e8928f797ceB04A34c9c06e
OKX Web3,15151,115186,1,eth,uniV3,0x03F911AeDc25c770e701B8F563E8102CfACd62c0
OKX Web3,15151,115186,1,eth,marketMaker,0x55b35bF627944396f9950dD6BDdaDb5218110c76
OKX Web3,15151,115186,1,eth,pmmAdapter,0x19440199101Fb45882d06Ee432437eC89f406248
OKX Web3,15151,115186,1,eth,DODOV1Adapter,0x1d0524ad45399FD03f602666f1076C96608EfD28
OKX Web3,15151,115186,1,eth,DODOV2Adapter,0x56bd269DB96A089295D742351BA459FB0c279fe2
OKX Web3,15151,115186,1,eth,DODOV3Adapter,0x0Ceb46fbA3F54F24af210A95707506c6f51BD651
OKX Web3,15151,115186,1,eth,SynapseAdapter,0x073a34b3A50aC1C068390f5A03c827f8265E241d
OKX Web3,15151,115186,1,eth,SaddleAdapter,0x9631d2f87DD05500c3542D0ebc6E69fA94e6733D
OKX Web3,15151,115186,1,eth,MstableAdapter,0x92470640a2904467adc88a0b026DBc876a2160a4
OKX Web3,15151,115186,1,eth,HashflowV3 Adapter,0x62a7b6eb6A5d2DcAa05Bf53C7272afd9dA460a2c
OKX Web3,15151,115186,1,eth,BalancerV2ComposableAdapter,0x49573FDDc82Da487eC7a275BE0Edbb6e72256de2
OKX Web3,15151,115186,1,eth,KyberElasticAdapter,0xce1F9F9229F33B569D1d9bcE64FBA6D9788eF95A
OKX Web3,15151,115186,1,eth,CurveAdapter(support nativetoken),0xade1E3B40B58E51df923cFBffCfb3502A5b07d1A
OKX Web3,15151,115186,1,eth,NomiswapAdapter,0x53eBB22Ef52f9Dde9d839739E60706e3ce5492eE
OKX Web3,15151,115186,1,eth,psmAdapter(提案版本),0x0EabE3520c639F919876A6bE9A64859Dba15c437
OKX Web3,15151,115186,1,eth,MultichainAdapter,0xc0584164dD4Ebf73E703827B546275185D433573
OKX Web3,15151,115186,1,eth,Curve3poolLPAdapter,0x5b5Fbf91aFf1e10E829d8AEB5373767C20d736c5
OKX Web3,15151,115186,1,eth,ClipperAdapter,0x9aA3bA80352b47f133fbf1105aB583c71Cc74CFA
OKX Web3,15151,115186,1,eth,LidoAdapter,0x6452Be03441d71813e28c2eb244c44EEB494d3F7
OKX Web3,15151,115186,1,eth,pancakeV3Adapter,0xCBD78F8fb96baE40826A601F8B9ba17782d62527
OKX Web3,15151,115186,1,eth,aaveV2Adapter,0xE91D8ADED9D832D1D20293645eCe3Ed44C0f080B
OKX Web3,15151,115186,1,eth,rocketpoolsAdapter,0xD0B2a7c5f9321e038eEC9D9d9e0623923c1c02a7
OKX Web3,15151,115186,1,eth,1inchV1_1Adapter,0xdc15db93aeb4f1655123e1823ee334f78754b90e
OKX Web3,15151,115186,1,eth,MaverickAdapter,0x12e55236d0743999716ebAcBd1FE07F63719b0dF
OKX Web3,15151,115186,1,eth,CompoundV2Adapter,0xEdBaB5dfAA165919Dfa94101c266e48c4e82D8Fd
OKX Web3,15151,115186,1,eth,MooniswapAdapter,0xb1e4e25b1938c78ec0b21ccb2d6a0be60aa7e63f
OKX Web3,15151,115186,1,eth,CurveTNGAdapter,0xbf71EBcfd56DcbAbb21d5da693F6dfecc9BDAe5E
OKX Web3,15151,115186,1,eth,XSigmaAdapter,0x4ecED2f6Bf29c519f9410056bC9B6309c71992A7
OKX Web3,15151,115186,1,eth,integralAdapter,0x26cD030a7307E168eC9ccC30137629A5Ed8BaCD2
OKX Web3,15151,115186,1,eth,CurveLLamaAdapter,0xb5dF9ae601CA2295A8981a039332Ef1F5974B112
OKX Web3,15151,115186,1,eth,aaveV3Adapter,0xB746b1395105954023559d5e8149D4ce8c556646
OKX Web3,15151,115186,1,eth,wombatAdapter,0x42170295F1173c9e5874ea9d00c6d137E1a4f53d
OKX Web3,15151,115186,1,eth,1inchLimitOrderAdapter,0x1d69A91F92Df01434E280764BB96Ed1d3854B3d2
OKX Web3,15151,115186,1,eth,wrappedSynthetixAdapter,0xE58b3089dF6667fBf99b75595a1671BaF6797D6d
OKX Web3,15151,115186,1,eth,traderJoeV2P1Adapter,0x10c7CBFeeB5B278e8bD144d4a92F709396Ac0f3b
OKX Web3,15151,115186,1,eth,solidlyV3Adapter,0x75f21a97Bd89A9A5683A9f46b5D5B4a080708DEa
OKX Web3,15151,115186,1,eth,smardexAdapter,0xe15B8Fb233301E62e4c42120250860c173B59BA0
OKX Web3,15151,115186,1,eth,SynthetixEtherWrapperAdapter,0x62816dD3d3c1978BC2E5550ad369Fd1c32668ACf
OKX Web3,15151,115186,1,eth,compoundV3,0x2a7F3d7486641C77600b9b9256132755c8AEBB4F
OKX Web3,15151,115186,1,eth,sDAIAdapter,0xf18F664bFc8F0AdAeB70f93063b192Cf58627988
OKX Web3,15151,115186,1,eth,AmbientAdapter,0x928851D97F2aF118D620A416a0eF803130eD5D40
OKX Web3,15151,115186,1,eth,AngleTransmuterAdapter,0xC6B8EA6E6bA35E00fBF0417e5bb7D74567cc17BF
OKX Web3,15151,115186,1,eth,stUSDAdapter,0xE009774e1530006D308610fA186C48fAD9f035FA
OKX Web3,15151,115186,1,eth,stEURAdapter,0x5B1b818a6cFa4756412F534C73b19041d62d0567
OKX Web3,15151,115186,1,eth,OriginAdapter,0x6FEE4f77D4Dd4cf34aa851693B17228841801945
OKX Web3,15151,115186,1,eth,OriginWrapperAdapter,0xeCc33aBaE1d8BB4A54e4b200A9B710B139022A51
OKX Web3,15151,115186,1,eth,sFRAXAdapter,0x414F6d5cf73a96dcBb0BFc6D1C567f3e8a382Dc0
OKX Web3,15151,115186,1,eth,PolygonMigrationAdapter,0xE7168C44Bc633d83C61B43d91E62a98507B44c47
OKX Web3,15151,115186,1,eth,AaveV3StaticATokenAdapter,0xc5AFb4c5Df366eB5a5354aD1509B3BF36bFB350d
OKX Web3,15151,115186,1,eth,UniswapV1Adapter,0x03247acbD5a5Dc9551a268988a10A04376686198
OKX Web3,15151,115186,1,eth,FluidAdapter,0xeF90fE83e679115a7f42f4CA52c1499D26CC80ba
OKX Web3,15151,115186,1,eth,MaverickV2Adapter,0x4E3bcCE28cAf98A143Fd8BD9e4875ccAb3E7bBE0
OKX Web3,15151,115186,1,eth,NovabitsV3Adapter(复用 uinv3 adapter）,0x03F911AeDc25c770e701B8F563E8102CfACd62c0
OKX Web3,15151,115186,1,eth,LitePSMAdapter,0xa0d62bE88fa3e42b607B8252d828dF6Dfcd3DBe1
OKX Web3,15151,115186,1,eth,NativePmmAdapter,0xa63F848E9DEAA7538A56bA1429647700fe4CFd2D
OKX Web3,15151,115186,56,bsc,统一授权地址,0x2c34A2Fb1d0b4f55de51E1d0bDEfaDDce6b7cDD6
OKX Web3,15151,115186,56,bsc,DEXRouter地址,0x9333C74BDd1E118634fE5664ACA7a9710b108Bab
OKX Web3,15151,115186,56,bsc,uniV2Adapter,0x363FB85314c5d7BAF27e9e5AC3b6E8bDa9ae9b85
OKX Web3,15151,115186,56,bsc,uniV3Adapter,0xAe7fCEf300495de4aFDa82c1A369fa312b0ED9b8
OKX Web3,15151,115186,56,bsc,bakeryAdapter,0xeB1426f967D9642317148b401EbB6a687E1a174a
OKX Web3,15151,115186,56,bsc,kyberAdapter,0x595Da5C1b445493f5C5dB7fb8813de594c760bee
OKX Web3,15151,115186,56,bsc,pancakeAdapter,0x1cB017EC34cCD9B808e4F125163807885AB70338
OKX Web3,15151,115186,56,bsc,DODOV1Adapter,0x1d0524ad45399FD03f602666f1076C96608EfD28
OKX Web3,15151,115186,56,bsc,DODOV2Adapter,0x9631d2f87DD05500c3542D0ebc6E69fA94e6733D
OKX Web3,15151,115186,56,bsc,DODOV3Adapter,0xdce40846CAbaED9064A3bf5A7445235dB8fF0fF3
OKX Web3,15151,115186,56,bsc,wnativeRelayer,0x0B5f474ad0e3f7ef629BD10dbf9e4a8Fd60d9A48
OKX Web3,15151,115186,56,bsc,tokenApproveProxy,0xd99cAE3FAC551f6b6Ba7B9f19bDD316951eeEE98
OKX Web3,15151,115186,137,polygon,"Polygon-DexRouter, 统一授权地址",0x3B86917369B83a6892f553609F3c2F439C184e31
OKX Web3,15151,115186,56,bsc,marketMaker,0x478c2F5B9b7a4C24b5F7D4c4f727dBC67D2f8382
OKX Web3,15151,115186,56,bsc,pmmAdapter,0x51A66d4ec8Df5eF8Fc7915fe64c4cb070FA8e8a7
OKX Web3,15151,115186,56,bsc,SynapseAdapter,0x92470640a2904467adc88a0b026DBc876a2160a4
OKX Web3,15151,115186,56,bsc,EllipsisAdapter(CurveAdpater instead),0x72e3eE933EaF568EA35049f30C01990cb6c2544b
OKX Web3,15151,115186,56,bsc,WombatAdapter,0xd4Bbd03e18A6102D267B003e7CCad6BD78669248
OKX Web3,15151,115186,56,bsc,smoothyV1Adapter,0x471418aA966f5ef906A319D2ceF14b81a181cCfA
OKX Web3,15151,115186,56,bsc,pancakeV3Adapter,0xCa9326C4c307dc84e676E6c9C7095BDe2eFA981D
OKX Web3,15151,115186,56,bsc,KyberElasticAdapter,0xe3bBF2FBdc2D4C1a9F9012294ddc6ADDe36C6C83
OKX Web3,15151,115186,56,bsc,nomiswapAdapter,0x40B7c771c78B50D5bb4D191F9B1D58D12a201C0d
OKX Web3,15151,115186,56,bsc,MultichainAdapter,0xC6703c539A76447cB8BF8B9210e91f7e474Eb68f
OKX Web3,15151,115186,56,bsc,PancakestableAdapter,0xAA2F2CFb5439330AF9412698d1f232db3DB8A49B
OKX Web3,15151,115186,56,bsc,TraderJoeV2Adapter,0x4EAFD2C510405151f284afeB4aC7Dd7602C92768
OKX Web3,15151,115186,56,bsc,WoofiAdapter,0x781ed5B8233394eAa56bFA7233C1aDFeA3C93FCC
OKX Web3,15151,115186,56,bsc,IZumiAdapter,0xD35f165c03A27d21da5D7F5096Fd66668D5dFFA0
OKX Web3,15151,115186,56,bsc,solidlyseriesAdapter,0x52f00F202A941f9B969690460f09A8853b889ea9
OKX Web3,15151,115186,56,bsc,tridentAdapter,0x9Ac7b1FFEE0f58c0a3c89AA54Afb62efD25DC9fd
OKX Web3,15151,115186,56,bsc,NerveFinanceAdapter,0x049C560cC466C2f74828A9c5b9338f9760493773
OKX Web3,15151,115186,56,bsc,doppleAdapter,0x451723F4905E88348180D43366f1c817fcc39Aec
OKX Web3,15151,115186,56,bsc,dnyAdapter,0xA96A96669295e85aF046026bf714A26E84096889
OKX Web3,15151,115186,56,bsc,acsiFinance,0xa95E6797B0045dF37D13ea36F0FEa848dcb3a217
OKX Web3,15151,115186,56,bsc,HashFlowAdapter,0xABC7f0BEf82C4BF6A131758bbd92bdAFa63797DB
OKX Web3,15151,115186,56,bsc,Hashflow V3 Adapter,0xEcd7Eef15713997528896Cb5db7ec316Db4C2101
OKX Web3,15151,115186,56,bsc,TraderJoeV2P1Adapter,0x56e6983D59bF472Ced0E63966A14d94A3A291589
OKX Web3,15151,115186,56,bsc,XSigmaAdapter,0x6667C8dC9fBFeC411E7C1EE2b24DE960149f930f
OKX Web3,15151,115186,56,bsc,limitAdapter,0x21fD4D4e056E8022Eb13898D75F75670e16DfDC4
OKX Web3,15151,115186,56,bsc,ThenaV2Adapter,0xEdBaB5dfAA165919Dfa94101c266e48c4e82D8Fd
OKX Web3,15151,115186,56,bsc,MavrickAdapter,0x339e63b4CA123b6D5baD97057119c58e7EE7637b
OKX Web3,15151,115186,56,bsc,SmardexAdapter,0x3f7B48d5acafBA9793B6384912f568a1aBF78E9f
OKX Web3,15151,115186,56,bsc,spartanAdapter,0x6E5d3aa32850B62711932db2e5CBc401AC3Cf17a
OKX Web3,15151,115186,56,bsc,BabyDoge,0xfb719654604f44Df1D5CbfeA736095444D5F6c88
OKX Web3,15151,115186,56,bsc,TimeAdapter,0x26cD030a7307E168eC9ccC30137629A5Ed8BaCD2
OKX Web3,15151,115186,56,bsc,AaveV3StaticATokenAdapter,0x42170295F1173c9e5874ea9d00c6d137E1a4f53d
OKX Web3,15151,115186,56,bsc,biAdapterV3Adapter,0x45B0A206A0eE358d929CEeE782d63b2d7E748540
OKX Web3,15151,115186,56,bsc,MaverickV2Adapter,0x5D796C6E479052Db44Ee6a45Dd72E57C800A4C1B
OKX Web3,15151,115186,56,bsc,NovabitsV2Adapter,0x363FB85314c5d7BAF27e9e5AC3b6E8bDa9ae9b85
OKX Web3,15151,115186,56,bsc,NovabitsV3Adapter,0xAe7fCEf300495de4aFDa82c1A369fa312b0ED9b8
OKX Web3,15151,115186,56,bsc,NativeAdapter,0xeCe06d75Eb932E6842e96466Fae90FdfB124e8Ff
OKX Web3,15151,115186,137,polygon,dexRouter,0xA748D6573acA135aF68F2635BE60CB80278bd855
OKX Web3,15151,115186,137,polygon,wNativeRelayer,0xf332761c673b59B21fF6dfa8adA44d78c12dEF09
OKX Web3,15151,115186,137,polygon,tokenApproveProxy,0x40aA958dd87FC8305b97f2BA922CDdCa374bcD7f
OKX Web3,15151,115186,137,polygon,uniV2Adapter,0x0112bc6fDB78345e612B862a6B388FfeB00E2320
OKX Web3,15151,115186,137,polygon,uniV3Adapter,0x7a8f557916d99945eaF2f8763935A70BDc81f650
OKX Web3,15151,115186,137,polygon,balancerV2Adapter,0xF956D032564530adb94a3ff9E60aAC87e7F3eB8D
OKX Web3,15151,115186,137,polygon,CurveAdapter,0xEdBaB5dfAA165919Dfa94101c266e48c4e82D8Fd
OKX Web3,15151,115186,137,polygon,CurveV2Adapter,0x5C9e126D741938a3f37341160F20a982ea584e30
OKX Web3,15151,115186,137,polygon,MultichainAdapter,0xa9ED3b2cF413C4f8988fE95A923B17cdDB4f432d
OKX Web3,15151,115186,137,polygon,quickswapv3Adapter,0x67f1E92Ef101A78AA1229B24bc302d2ddAAbd26B
OKX Web3,15151,115186,137,polygon,dodoV1Adapter,0x6aCb9be65CabbCCaf5a16722f0Aa75B2CC6Ad138
OKX Web3,15151,115186,137,polygon,dodoV2Adapter,0x3BDa631e2cCA4c926790157AF7C4b0599d22618A
OKX Web3,15151,115186,137,polygon,dodoV3Adapter,0x3d60C4d60f4b804B258B07dFA79d44b2E01BB403
OKX Web3,15151,115186,137,polygon,WoofiAdapter,0xaE1aD15277E971d33aDf8172cb05dF5cFcbCbfa6
OKX Web3,15151,115186,137,polygon,IZumiAdapter,0xA98DF73fA93B6dD994C83D661772d14d393dd87B
OKX Web3,15151,115186,137,polygon,solidlyseriesAdapter,0x961C3Cf7229D84b5c61eE7c1037D0F851B7261D2
OKX Web3,15151,115186,137,polygon,tridentAdapter,0xB746b1395105954023559d5e8149D4ce8c556646
OKX Web3,15151,115186,137,polygon,synapseAdapter,0x41F1aA2Aa3F9A4d610E3C58609b67BEb96b09326
OKX Web3,15151,115186,137,polygon,meshswapAdapter,0x339e63b4CA123b6D5baD97057119c58e7EE7637b
OKX Web3,15151,115186,137,polygon,mstableAdapter,0xea55C34248aE508Da14aCfce96BE10cC32dC51D9
OKX Web3,15151,115186,137,polygon,aavev2Adapter,0xaf17d84ebaaed18fecf62299e3478a887c083e3d
OKX Web3,15151,115186,137,polygon,IronswapAdapter,0x515637B20F3E09d57a8258dd1756a51924F60118
OKX Web3,15151,115186,137,polygon,clipperAdapter,0xbf71EBcfd56DcbAbb21d5da693F6dfecc9BDAe5E
OKX Web3,15151,115186,137,polygon,CompoundAdapter,0xABC7f0BEf82C4BF6A131758bbd92bdAFa63797DB
OKX Web3,15151,115186,137,polygon,doppleAdapter,0x56e6983D59bF472Ced0E63966A14d94A3A291589
OKX Web3,15151,115186,137,polygon,DfxAdapter,0x6667C8dC9fBFeC411E7C1EE2b24DE960149f930f
OKX Web3,15151,115186,137,polygon,limitAdapter,0x21fD4D4e056E8022Eb13898D75F75670e16DfDC4
OKX Web3,15151,115186,137,polygon,aaveV3Adapter,0xdce40846CAbaED9064A3bf5A7445235dB8fF0fF3
OKX Web3,15151,115186,137,polygon,smardexAdapter,0x42170295F1173c9e5874ea9d00c6d137E1a4f53d
OKX Web3,15151,115186,137,polygon,GmxAdapter2,0x9692981F5bb834A6038e109433dce03269043624
OKX Web3,15151,115186,137,polygon,firebirdAdapter,0x5D796C6E479052Db44Ee6a45Dd72E57C800A4C1B
OKX Web3,15151,115186,137,polygon,clipperCovesAdapter,0x7DA6cDe2354dD295554aa2127D8ec3d31f6D91AA
OKX Web3,15151,115186,137,polygon,AaveV3StaticATokenAdapter,0x78466A1488f1883d71cFddd1c621351572dE0a1C
OKX Web3,15151,115186,137,polygon,FluidAdapter,0x422857ab6c1e27f5681Ae51Ea276F4BD2D473bd7
OKX Web3,15151,115186,137,polygon,curve StableNG adapter,0x75f21a97Bd89A9A5683A9f46b5D5B4a080708DEa
OKX Web3,15151,115186,137,polygon,VirtuSwapAdapter,0x0ceb46fba3f54f24af210a95707506c6f51bd651
OKX Web3,15151,115186,10001,ethW,tokenApprove,0x40aA958dd87FC8305b97f2BA922CDdCa374bcD7f
OKX Web3,15151,115186,10001,ethW,dexRouter,0xc82Ea2afE1Fd1D61C4A12f5CeB3D7000f564F5C6
OKX Web3,15151,115186,10001,ethW,wNativeRelayer,0x4D8d82F269A2704867b6cAf58d6e8389e3066eC9
OKX Web3,15151,115186,10001,ethW,tokenApproveProxy,0x70cBb871E8f30Fc8Ce23609E9E0Ea87B6b222F58
OKX Web3,15151,115186,10001,ethW,balancer,0x2fa31d2ac017869998F9574bAC76094a8110cf7C
OKX Web3,15151,115186,10001,ethW,balancerV2,0x43c9361709bE9cE6B1E33ac31426b08dbC09e58a
OKX Web3,15151,115186,10001,ethW,bancor,0x7C443F4088c0a3a5DaEDA316762BcC389bD63b4D
OKX Web3,15151,115186,10001,ethW,curve,0x47B5BC2C49aD25dFa6d7363c5e9B28eF804e1185
OKX Web3,15151,115186,10001,ethW,curveV2,0xB2DC2da9684DfEF77CFa5c6bb07e733023715292
OKX Web3,15151,115186,10001,ethW,kyber,0x1c8875B6A9Df43256b244a7Ba4790F6A7185d8c9
OKX Web3,15151,115186,10001,ethW,uniV2,0xc837BbEa8C7b0caC0e8928f797ceB04A34c9c06e
OKX Web3,15151,115186,10001,ethW,uniV3,0x03F911AeDc25c770e701B8F563E8102CfACd62c0
OKX Web3,15151,115186,10001,ethW,marketMaker,0x55b35bF627944396f9950dD6BDdaDb5218110c76
OKX Web3,15151,115186,10001,ethW,pmmAdapter,0x19440199101Fb45882d06Ee432437eC89f406248
OKX Web3,15151,115186,10001,ethW,DODOV1Adapter,0x1d0524ad45399FD03f602666f1076C96608EfD28
OKX Web3,15151,115186,10001,ethW,DODOV2Adapter,0x56bd269DB96A089295D742351BA459FB0c279fe2
OKX Web3,15151,115186,10001,ethW,SynapseAdapter,0x073a34b3A50aC1C068390f5A03c827f8265E241d
OKX Web3,15151,115186,10001,ethW,SaddleAdapter,0x9631d2f87DD05500c3542D0ebc6E69fA94e6733D
OKX Web3,15151,115186,10001,ethW,MstableAdapter,0x92470640a2904467adc88a0b026DBc876a2160a4
OKX Web3,15151,115186,10001,ethW,ShellAdapter,0x6F9813c927C8bD794cC45E8eCd1DcB169691D9c3
OKX Web3,15151,115186,10001,ethW,smoothyV1Adapter,0x2b226DFA5cd9BEd2F3a171E8Df549d59588B52D0
OKX Web3,15151,115186,10001,ethW,fraxswapAdapter,0x3E3A17996BE66d9C011Be274f8E102cFED83B60E
OKX Web3,15151,115186,10001,ethW,dnyAdapter,0xb3Df02AF5FbC5579D6D7eBfC4F0F70e7Ef126E52
OKX Web3,15151,115186,195,tron,TokenApprove,THRAE2VhGNAcvPKtT96AqyXtSQwhiU1XL8
OKX Web3,15151,115186,195,tron,TokenApproveProxy,TXUhafKkNrfDG5BeDssyRpiVLZVUNEzNW4
OKX Web3,15151,115186,195,tron,WNativeRelayer,TWeLgujAKtiqut5Pp6oNfmVkeSaH5SBFYc
OKX Web3,15151,115186,195,tron,dexrouter,TCkwEw4NdkaTJ1atJg5jZ18NgtHfpzZTC5
OKX Web3,15151,115186,195,tron,SunSwapV1Adapter,TRpBA8e1hbs1rVEZrW5K4Xgcf98oM3PBPu
OKX Web3,15151,115186,195,tron,SunSwapV1AdapterV2,TQCEAx958CKYmUPd8NVQZr5s9nrUZvbHzA
OKX Web3,15151,115186,195,tron,uniV2Adapter,TQBBr9Juw7MKDw7fthA3MNDkGzUEsbT7yb
OKX Web3,15151,115186,195,tron,sunSwapV3Adapter,TQnQcuk838enX2kosMXe6eQsDQMWYfBZBv
OKX Web3,15151,115186,43114,avax,dexRouter,0x1daC23e41Fc8ce857E86fD8C1AE5b6121C67D96d
OKX Web3,15151,115186,43114,avax,tokenApprove,0x40aA958dd87FC8305b97f2BA922CDdCa374bcD7f
OKX Web3,15151,115186,43114,avax,wNativeRelayer,0x3B86917369B83a6892f553609F3c2F439C184e31
OKX Web3,15151,115186,43114,avax,tokenApproveProxy,0x70cBb871E8f30Fc8Ce23609E9E0Ea87B6b222F58
OKX Web3,15151,115186,43114,avax,uniV2,0x078b9259b4dc543eCa8F85A70d4635F403238D21
OKX Web3,15151,115186,43114,avax,GMXAdapter2,0xaa6fB20894554d57319c39BCC2468F72af099ea0
OKX Web3,15151,115186,43114,avax,dnyFeeAdapter,0x47B5BC2C49aD25dFa6d7363c5e9B28eF804e1185
OKX Web3,15151,115186,43114,avax,CurveAdapter,0xEdBaB5dfAA165919Dfa94101c266e48c4e82D8Fd
OKX Web3,15151,115186,43114,avax,CurveV2Adapter,0x1c8875B6A9Df43256b244a7Ba4790F6A7185d8c9
OKX Web3,15151,115186,43114,avax,KyberAdapter,0x03F911AeDc25c770e701B8F563E8102CfACd62c0
OKX Web3,15151,115186,43114,avax,KyberElasticAdapter,0xc837BbEa8C7b0caC0e8928f797ceB04A34c9c06e
OKX Web3,15151,115186,43114,avax,MultichainAdapter,0xd57d71A16D850038e7266E3885140A7E7d1Ba3fD
OKX Web3,15151,115186,43114,avax,TraderJoeV2Adapter,0x785fa2f73989d9a3E09476b948ED4268A7A2BB79
OKX Web3,15151,115186,43114,avax,dodoV1Adapter,0xe605574Eaba16dEf557188E3b5cb435F2578fCa5
OKX Web3,15151,115186,43114,avax,dodoV2Adapter,0x1a738e2abfb3013cF9Cb4652aCC2d01F7932284d
OKX Web3,15151,115186,43114,avax,WoofiAdapter,0x8009858707810928CCe2c3526B78A4Eb8043888c
OKX Web3,15151,115186,43114,avax,SynapseAdapter,0xFb78AfF8B1744533db49cdE2Faea5B944bfC6D79
OKX Web3,15151,115186,43114,avax,PlatypusAdapter,0x777d501b0Cc4497ac2BDDB66a3D222e190DF509f
OKX Web3,15151,115186,43114,avax,aaveV2Adapter,0x0b30db38f7eAd65Aba0aaF746dC285233117836a
OKX Web3,15151,115186,43114,avax,IronswapAdapter,0x8CDaE78B840Ec9a79e1252e8A3ddf97fa109134A
OKX Web3,15151,115186,43114,avax,axialAdapter,0xABC7f0BEf82C4BF6A131758bbd92bdAFa63797DB
OKX Web3,15151,115186,43114,avax,NerveFinanceAdapter,0x56e6983D59bF472Ced0E63966A14d94A3A291589
OKX Web3,15151,115186,43114,avax,TraderJoeV2P1Adapter,0x6667C8dC9fBFeC411E7C1EE2b24DE960149f930f
OKX Web3,15151,115186,43114,avax,limitAdapter,0x21fD4D4e056E8022Eb13898D75F75670e16DfDC4
OKX Web3,15151,115186,43114,avax,TridentAdapter,0x9Ac7b1FFEE0f58c0a3c89AA54Afb62efD25DC9fd
OKX Web3,15151,115186,43114,avax,uniV3Adapter,0xbe882fb094143B59Dc5335D32cEcB711570EbDD4
OKX Web3,15151,115186,43114,avax,BalancerAdapter,0x0e0773A3029EA80b9FD0dEc6FEB40C2A8Ea94663
OKX Web3,15151,115186,43114,avax,balancerV2Adapter,0xF43D80CA39BAbf8977a4653D15a66643498eB03C
OKX Web3,15151,115186,43114,avax,wombatAdapter,0x43C1993672B9b4a73DC3EB3bAe4b021751dABB6D
OKX Web3,15151,115186,43114,avax,SolidlyseriesAdapter,0xE8c25c536550221a52472d50bBaBd2B88353DcE8
OKX Web3,15151,115186,43114,avax,curve StableNG adapter,0x09a191DE731c61a9fcc1E9c6759a7355B61AA2A3
OKX Web3,15151,115186,250,ftm,dexRouter,0xf332761c673b59B21fF6dfa8adA44d78c12dEF09
OKX Web3,15151,115186,250,ftm,tokenApprove,0x70cBb871E8f30Fc8Ce23609E9E0Ea87B6b222F58
OKX Web3,15151,115186,250,ftm,wNativeRelayer,0x40aA958dd87FC8305b97f2BA922CDdCa374bcD7f
OKX Web3,15151,115186,250,ftm,tokenApproveProxy,0xE9BBD6eC0c9Ca71d3DcCD1282EE9de4F811E50aF
OKX Web3,15151,115186,250,ftm,uniV2,0x808ca026D4c45d6A41c1e807c41044480b7699eF
OKX Web3,15151,115186,250,ftm,dnyAdapter,0xEb81787477b4f29b1989538589e9D11b9043Ab59
OKX Web3,15151,115186,250,ftm,CurveAdapter,0xf3964a4Ba7371E4C44aADFAc679cE9ba8B6AdC66
OKX Web3,15151,115186,250,ftm,CurveV2Adapter,0x8E6fC20A0570da9204A7a87bE8e5f848040Dc0B4
OKX Web3,15151,115186,250,ftm,KyberAdapter,0x298E0197e36aE199a7cbc40fdAed8289e7128038
OKX Web3,15151,115186,250,ftm,KyberElasticAdapter,0x172FfEB0AE118fA500fa6b4ceBAbfD72f4CdD84F
OKX Web3,15151,115186,250,ftm,MultichainAdapter,0x2fa31d2ac017869998F9574bAC76094a8110cf7C
OKX Web3,15151,115186,250,ftm,WoofiAdapter,0x8cBf17E3c9084809e1786E5a52834699B67C8038
OKX Web3,15151,115186,250,ftm,SolidlySeriesAdapter,0xe605574Eaba16dEf557188E3b5cb435F2578fCa5
OKX Web3,15151,115186,250,ftm,mummyAdapter,0x504795369308903e773eB5AB684847512Aa2Ad77
OKX Web3,15151,115186,250,ftm,saddleAdapter,0xFc1387e7AF2f476BFF03BdBe8562eE4A0d955200
OKX Web3,15151,115186,250,ftm,synapseAdapter,0xC48814169C7AC574579D680F49c3784A657CA493
OKX Web3,15151,115186,250,ftm,beethovenAdapter,0x1ed4ae8Dce02A398465BB276aBF114Ce06f424eB
OKX Web3,15151,115186,250,ftm,IronswapAdapter,0x82b0EC4A17520C56C8dB9887532f92e924507989
OKX Web3,15151,115186,250,ftm,solidlyAdapter,0x2E3329902b725bd1Ae774fB3dacBAe0626820Db4
OKX Web3,15151,115186,250,ftm,limitAdapter,0xABC7f0BEf82C4BF6A131758bbd92bdAFa63797DB
OKX Web3,15151,115186,250,ftm,firebirdAdapter,0x6667C8dC9fBFeC411E7C1EE2b24DE960149f930f
OKX Web3,15151,115186,42161,arb,dexRouter,0xf332761c673b59B21fF6dfa8adA44d78c12dEF09
OKX Web3,15151,115186,42161,arb,tokenApprove,0x70cBb871E8f30Fc8Ce23609E9E0Ea87B6b222F58
OKX Web3,15151,115186,42161,arb,wNativeRelayer,0xd99cAE3FAC551f6b6Ba7B9f19bDD316951eeEE98
OKX Web3,15151,115186,42161,arb,tokenApproveProxy,0xE9BBD6eC0c9Ca71d3DcCD1282EE9de4F811E50aF
OKX Web3,15151,115186,42161,arb,uniV2Adapter,0x808ca026D4c45d6A41c1e807c41044480b7699eF
OKX Web3,15151,115186,42161,arb,uniV3Adapter,0x443EF018e182d409bcf7f794d409bCea4C73C2C7
OKX Web3,15151,115186,42161,arb,CameplotAdapter,0xBbfeB05E692ac508f0338733AbEccb1a5a4d91C1
OKX Web3,15151,115186,42161,arb,CamelotV3Adapter,0x4E3bcCE28cAf98A143Fd8BD9e4875ccAb3E7bBE0
OKX Web3,15151,115186,42161,arb,ZyberStableAdapter,0xDE325eE6ee194EE899C016df583dCc061c7443Fd
OKX Web3,15151,115186,42161,arb,GMXAdapter2,0xd3AD057C3E5304B99D48EC7AE278F5Cd9Dcc254A
OKX Web3,15151,115186,42161,arb,dnyFeeAdapter,0x0D203Ec3fE6F521cf923C6D399b02b3010B44d5D
OKX Web3,15151,115186,42161,arb,balancerV1Adapter,0xE34BB6E8dE7d17851cc81e0C0b8178E61573fc77
OKX Web3,15151,115186,42161,arb,balancerV2Adapter,0xEb81787477b4f29b1989538589e9D11b9043Ab59
OKX Web3,15151,115186,42161,arb,CurveAdapter,0xb1E4E25b1938c78Ec0b21cCb2D6a0Be60aA7E63f
OKX Web3,15151,115186,42161,arb,CurveV2Adapter,0x8E6fC20A0570da9204A7a87bE8e5f848040Dc0B4
OKX Web3,15151,115186,42161,arb,CurveStableNG,0xEcd7Eef15713997528896Cb5db7ec316Db4C2101
OKX Web3,15151,115186,42161,arb,ZyberV3Adapter,0x2fa31d2ac017869998F9574bAC76094a8110cf7C
OKX Web3,15151,115186,42161,arb,MultichainAdapter,0x43c9361709bE9cE6B1E33ac31426b08dbC09e58a
OKX Web3,15151,115186,42161,arb,TraderJoeV2Adapter,0xbF1840d0dB54357287Cf0736A1426Ea93321B0F7
OKX Web3,15151,115186,42161,arb,dodoV1Adapter,0x1c8875B6A9Df43256b244a7Ba4790F6A7185d8c9
OKX Web3,15151,115186,42161,arb,dodoV2Adapter,0x47B5BC2C49aD25dFa6d7363c5e9B28eF804e1185
OKX Web3,15151,115186,42161,arb,dodoV3Adapter,0x8F8Bd31d1B9e8E15c0E36dC5b2645cfE4b5713BA
OKX Web3,15151,115186,42161,arb,WoofiAdapter,0xb0CB12D5783617728b2dC79b8A75f99c1fcbe618
OKX Web3,15151,115186,42161,arb,IZumiAdapter,0xbC1258cE5FE29d2Cd76F686F3A2Ac92bf1c6EbF0
OKX Web3,15151,115186,42161,arb,SolidlyseriesAdapter,0xb06a44aA660537fB3f6482d65FF5b0c7d58Dc1Eb
OKX Web3,15151,115186,42161,arb,tridentAdapter,0xE297672b8E3d4DA732e3DA7e4cE2265177633fFb
OKX Web3,15151,115186,42161,arb,tridentAdapter,0xde32AE8f99285880B84EE39C64E6B8d0c6650513
OKX Web3,15151,115186,42161,arb,saddleAdapter,0x81d6C243be48d907324D7b954870419887fD4183
OKX Web3,15151,115186,42161,arb,SynapseAdapter,0x363FB85314c5d7BAF27e9e5AC3b6E8bDa9ae9b85
OKX Web3,15151,115186,42161,arb,wombatAdapter,0xFd3C5EB7BE94a5bCBDe477528f036D8dAbfa46B9
OKX Web3,15151,115186,42161,arb,clipperAdapter,0x12e55236d0743999716ebAcBd1FE07F63719b0dF
OKX Web3,15151,115186,42161,arb,DfxAdapter,0xabc7f0bef82c4bf6a131758bbd92bdafa63797db
OKX Web3,15151,115186,42161,arb,HashFlowAdapter,0xf3964a4Ba7371E4C44aADFAc679cE9ba8B6AdC66
OKX Web3,15151,115186,42161,arb,HashFlowV3 Adapter,0xfb719654604f44Df1D5CbfeA736095444D5F6c88
OKX Web3,15151,115186,42161,arb,TraderJoeV2P1Adapter,0x6667C8dC9fBFeC411E7C1EE2b24DE960149f930f
OKX Web3,15151,115186,42161,arb,ChronosAdapter,0x21fD4D4e056E8022Eb13898D75F75670e16DfDC4
OKX Web3,15151,115186,42161,arb,limitAdapter,0xEdBaB5dfAA165919Dfa94101c266e48c4e82D8Fd
OKX Web3,15151,115186,42161,arb,ArbSwapAdapter,0xbf71EBcfd56DcbAbb21d5da693F6dfecc9BDAe5E
OKX Web3,15151,115186,42161,arb,ArbSwapV2Adapter,0x09a191DE731c61a9fcc1E9c6759a7355B61AA2A3
OKX Web3,15151,115186,42161,arb,aaveV3Adapter,0x20289f2Ca1a5F0C997952686d69AAe4e26378077
OKX Web3,15151,115186,42161,arb,pancakeV3Adapter,0xa0d62bE88fa3e42b607B8252d828dF6Dfcd3DBe1
OKX Web3,15151,115186,42161,arb,RamsesV2Adapter,0xBd4991108f931DA96F5B4d7CD39D5c8e558a0d2d
OKX Web3,15151,115186,42161,arb,SmardexAdapter,0xe9d5E93F5a09ff370a4880054612dAe5733B60E1
OKX Web3,15151,115186,42161,arb,IntegralAdapter,0x9D3c921c14a24b0ec57DaB217cC00bd631cd4ba1
OKX Web3,15151,115186,42161,arb,solidlyV3Adapter,0xD2596C827B225547e7B06bc33718130a326aacC4
OKX Web3,15151,115186,42161,arb,MaverickV2Adapter,0x073834b6cbe95822244c5d60fecb257861dea0e1
OKX Web3,15151,115186,42161,arb,AaveV3StaticATokenAdapter,0x643C607219513AaEdC96b78b152c71E3DB976ac7
OKX Web3,15151,115186,42161,arb,FluidAdapter,0x8663E0f21017B6f8f7f553055B28e30c0710AABE
OKX Web3,15151,115186,42161,arb,VirtuSwapAdapter,0x3CD22243D44f78B06e2E663083cEFbd70ac095dD
OKX Web3,15151,115186,42161,arb,native adapter,0x6E4e5B1Ae77059EA98214D9C94711824F18c9874
OKX Web3,15151,115186,10,op,dexRouter,0xf332761c673b59B21fF6dfa8adA44d78c12dEF09
OKX Web3,15151,115186,10,op,tokenApprove,0x68D6B739D2020067D1e2F713b999dA97E4d54812
OKX Web3,15151,115186,10,op,wNativeRelayer,0x40aA958dd87FC8305b97f2BA922CDdCa374bcD7f
OKX Web3,15151,115186,10,op,tokenApproveProxy,0x100F3f74125C8c724C7C0eE81E4dd5626830dD9a
OKX Web3,15151,115186,10,op,uniV2,0x808ca026D4c45d6A41c1e807c41044480b7699eF
OKX Web3,15151,115186,10,op,uniV3,0x443EF018e182d409bcf7f794d409bCea4C73C2C7
OKX Web3,15151,115186,10,op,dnyAdapter,0x98b7597F02CC38E8aF02fBE8E68f2D15D33214bB
OKX Web3,15151,115186,10,op,CurveAdapter,0x56e6983D59bF472Ced0E63966A14d94A3A291589
OKX Web3,15151,115186,10,op,CurveV2Adapter,0x2fa31d2ac017869998F9574bAC76094a8110cf7C
OKX Web3,15151,115186,10,op,balancerV2Adapter,0x43c9361709bE9cE6B1E33ac31426b08dbC09e58a
OKX Web3,15151,115186,10,op,MultichainAdapter,0xbF1840d0dB54357287Cf0736A1426Ea93321B0F7
OKX Web3,15151,115186,10,op,WoofiAdapter,0x81E3d4a5826a34f06065FAf16a532bA2D471CB8E
OKX Web3,15151,115186,10,op,SolidlyseriesAdapter,0x7e736b913275702991e5859Bd5A75D0A8F317C90
OKX Web3,15151,115186,10,op,tridentAdapter,0x09a191DE731c61a9fcc1E9c6759a7355B61AA2A3
OKX Web3,15151,115186,10,op,mummyAdapter,0x02ee3c51b000FD07AF5643244d0DB4e2b2Ac3d9f
OKX Web3,15151,115186,10,op,SynapseAdapter,0xFd3C5EB7BE94a5bCBDe477528f036D8dAbfa46B9
OKX Web3,15151,115186,10,op,clipperAdapter,0xD35f165c03A27d21da5D7F5096Fd66668D5dFFA0
OKX Web3,15151,115186,10,op,saddleAdapter,0xABC7f0BEf82C4BF6A131758bbd92bdAFa63797DB
OKX Web3,15151,115186,10,op,limitAdapter,0xf3964a4Ba7371E4C44aADFAc679cE9ba8B6AdC66
OKX Web3,15151,115186,10,op,aaveV3Adapter,0xdce40846CAbaED9064A3bf5A7445235dB8fF0fF3
OKX Web3,15151,115186,10,op,velodromAdapter,0xf534a8a1cad0543cd6438f7534ca3486c01998d4
OKX Web3,15151,115186,10,op,wrappedSynthetixAdapter,0xbf71EBcfd56DcbAbb21d5da693F6dfecc9BDAe5E
OKX Web3,15151,115186,10,op,cilppercovesAdapter,0xb1E4E25b1938c78Ec0b21cCb2D6a0Be60aA7E63f
OKX Web3,15151,115186,10,op,WombatAdapter,0x7E7B6A6d3E7B725c4e5DE6575fA6edAb7f2b0A0c
OKX Web3,15151,115186,10,op,AaveV3StaticATokenAdapter,0x4ecED2f6Bf29c519f9410056bC9B6309c71992A7
OKX Web3,15151,115186,10,op,curve StableNG adapter,0x26cD030a7307E168eC9ccC30137629A5Ed8BaCD2
OKX Web3,15151,115186,25,cro,tokenApprove,0x70cbb871e8f30fc8ce23609e9e0ea87b6b222f58
OKX Web3,15151,115186,25,cro,dexRouter,0xf332761c673b59B21fF6dfa8adA44d78c12dEF09
OKX Web3,15151,115186,25,cro,wNativeRelayer,0x40aA958dd87FC8305b97f2BA922CDdCa374bcD7f
OKX Web3,15151,115186,25,cro,tokenApproveProxy,0xE9BBD6eC0c9Ca71d3DcCD1282EE9de4F811E50aF
OKX Web3,15151,115186,25,cro,uniV2,0x443EF018e182d409bcf7f794d409bCea4C73C2C7
OKX Web3,15151,115186,25,cro,IZumiAdapter,0x9EA2d43A55F4E6674FBf8DEe75e3C1506c4C3c83
OKX Web3,15151,115186,66,okc,dexRouter,0xf6Aab105CB9e66e03CAD2c2F3f8558242593385c
OKX Web3,15151,115186,66,okc,tokenApprove,0x70cBb871E8f30Fc8Ce23609E9E0Ea87B6b222F58
OKX Web3,15151,115186,66,okc,wNativeRelayer,0xd99cAE3FAC551f6b6Ba7B9f19bDD316951eeEE98
OKX Web3,15151,115186,66,okc,tokenApproveProxy,0xE9BBD6eC0c9Ca71d3DcCD1282EE9de4F811E50aF
OKX Web3,15151,115186,66,okc,uniV2,0x5eAe840294c757e6fffE462e9C989944386613d4
OKX Web3,15151,115186,66,okc,marketMaker,0x031F1aD10547b8dEB43A36e5491c06A93812023a
OKX Web3,15151,115186,66,okc,pmmAdapter,0x4D8d82F269A2704867b6cAf58d6e8389e3066eC9
OKX Web3,15151,115186,66,okc,MultichainAdapter,0x6452Be03441d71813e28c2eb244c44EEB494d3F7
OKX Web3,15151,115186,66,okc,dodoV2Adapter,0xE3863f6A2E5144954d17b6A782407D441ADF4345
OKX Web3,15151,115186,501,SOL,dexRouterV2,6m2CDdhRgxpH4WjvdzxAYbGxwdGUz5MziiL5jek2kBma
OKX Web3,15151,115186,637,APT,dexrouter,0x82d3c2a0719893614ea974f3ba19a20773ee950cf1abf0badaa63014335003af
OKX Web3,15151,115186,637,APT,pontem&pancake_adapter,0x2a74a848503cb5d979f4691b3b75cca324f6b87bf6aea2da0e4cc91281353994
OKX Web3,15151,115186,637,APT,pontem_adapter_v2,0x58c0d7fff86f80a2c8608abc5445cb7b2a75ffe6ec6714cb01ae96ecf199e25f
OKX Web3,15151,115186,14,FLR,TokenApprove,0x808ca026D4c45d6A41c1e807c41044480b7699eF
OKX Web3,15151,115186,14,FLR,DexRouter,0x078b9259b4dc543eCa8F85A70d4635F403238D21
OKX Web3,15151,115186,324,zksync,DexRouter,0xb9061E38FeE7d30134F56aEf7117E2F6d1580666
OKX Web3,15151,115186,324,zksync,TokenApprove,0xc67879F4065d3B9fe1C09EE990B891Aa8E3a4c2f
OKX Web3,15151,115186,324,zksync,TokenApproveProxy,0xE7483a8A506B20872e6F19852B85815cBa24e47d
OKX Web3,15151,115186,324,zksync,wNativeRelayer,0xD637B1C601Aa80456268707d172E7b141B404c6f
OKX Web3,15151,115186,324,zksync,proxyAdmin,0xB09458c6CEd50785e783334AfA6220fA5f3DC67E
OKX Web3,15151,115186,324,zksync,SyncSwapAdapter,0xE9aAf7cE1a72Aa2E0a8b5Cbd7ED1Fc40d2e35158
OKX Web3,15151,115186,324,zksync,MuteAdapter,0xD6e73577bFDE0C7A818459f6c1A708d95E031810
OKX Web3,15151,115186,324,zksync,DnyAdapter,0x313EDdC6143Bd44A2a38f306CdceE5D164610093
OKX Web3,15151,115186,324,zksync,MultichainAdapter,0x15366227A6470B4c1b5cC82f191BcbA2c78e4658
OKX Web3,15151,115186,324,zksync,SolidlyseriesAdapter,0x6F3D9712dc86476a6B15d0B61F90F0Ed5DD31aA5
OKX Web3,15151,115186,324,zksync,IZumiAdapter,0xa49DD01Cefe9919c600235272Bc3277F4073572F
OKX Web3,15151,115186,324,zksync,MaverickAdapter,0x1D8F4dF44274847A42552eD234992a250204fFCA
OKX Web3,15151,115186,324,zksync,PancakeSwapV3,0x1b714Ae84A7548011E5256a38E68a2fe8802a20B
OKX Web3,15151,115186,324,zksync,woofiV2Adapter,0x31EA4509B6b2068f3D9F2FBaD7aB3022c5A49c57
OKX Web3,15151,115186,324,zksync,MaverickV2Adapter,0x3413D194FF17163A67FbbF35Cd156AceB1B831CF
OKX Web3,15151,115186,1030,conflux,dexRouter,0x0112bc6fDB78345e612B862a6B388FfeB00E2320
OKX Web3,15151,115186,1030,conflux,tokenApprove,0x68D6B739D2020067D1e2F713b999dA97E4d54812
OKX Web3,15151,115186,1030,conflux,tokenApproveProxy,0x100f3f74125c8c724c7c0ee81e4dd5626830dd9a
OKX Web3,15151,115186,1030,conflux,wNativeRelayer,0x8CDDE82cFB4555D6ca21B5b28F97630265DA94c4
OKX Web3,15151,115186,1030,conflux,IZumiAdapter,0x022fBeFfA9B0422F0A2Eab63A75533c48a13cC38
OKX Web3,15151,115186,784,SUI,dexrouter,0x3b6c18953596cbd2e3f7d5878126085a2ee56236e6363c9b0c6c81b8a0f87d1c
OKX Web3,15151,115186,1101,polyzkevm,DexRouter,0x6b2C0c7be2048Daa9b5527982C29f48062B34D58
OKX Web3,15151,115186,1101,polyzkevm,tokenApprove,0x57df6092665eb6058DE53939612413ff4B09114E
OKX Web3,15151,115186,1101,polyzkevm,tokenApproveProxy,0x1b5d39419C268b76Db06DE49e38B010fbFB5e226
OKX Web3,15151,115186,1101,polyzkevm,wNativeRelayer,0xd2F0aC2012C8433F235c8e5e97F2368197DD06C7
OKX Web3,15151,115186,1101,polyzkevm,quickswapv3Adapter,0xf304C7323D9101cd90c05696c97a4cF984A9f6A5
OKX Web3,15151,115186,59144,linea,tokenApprove,0x57df6092665eb6058DE53939612413ff4B09114E
OKX Web3,15151,115186,59144,linea,dexRouter,0x6b2C0c7be2048Daa9b5527982C29f48062B34D58
OKX Web3,15151,115186,59144,linea,tokenApproveProxy,0x1b5d39419C268b76Db06DE49e38B010fbFB5e226
OKX Web3,15151,115186,59144,linea,wNativeRelayer,0xd2F0aC2012C8433F235c8e5e97F2368197DD06C7
OKX Web3,15151,115186,59144,linea,syncSwapAdapter,0xABC7f0BEf82C4BF6A131758bbd92bdAFa63797DB
OKX Web3,15151,115186,59144,linea,dnyAdapter,0xf3964a4Ba7371E4C44aADFAc679cE9ba8B6AdC66
OKX Web3,15151,115186,59144,linea,horizonAdapter,0x56e6983D59bF472Ced0E63966A14d94A3A291589
OKX Web3,15151,115186,59144,linea,pancakeSwapV3,0x6667C8dC9fBFeC411E7C1EE2b24DE960149f930f
OKX Web3,15151,115186,59144,linea,kyberswap elastic,0x21fD4D4e056E8022Eb13898D75F75670e16DfDC4
OKX Web3,15151,115186,59144,linea,sushiswapV3,0x6667C8dC9fBFeC411E7C1EE2b24DE960149f930f
OKX Web3,15151,115186,59144,linea,HtokenAdapter,0x9Ac7b1FFEE0f58c0a3c89AA54Afb62efD25DC9fd
OKX Web3,15151,115186,59144,linea,NileCLV2Adapter,0x3f7B48d5acafBA9793B6384912f568a1aBF78E9f
OKX Web3,15151,115186,5000,mantle,tokenApprove,0x57df6092665eb6058DE53939612413ff4B09114E
OKX Web3,15151,115186,5000,mantle,dexRouter,0x6b2C0c7be2048Daa9b5527982C29f48062B34D58
OKX Web3,15151,115186,5000,mantle,tokenApproveProxy,0x1b5d39419C268b76Db06DE49e38B010fbFB5e226
OKX Web3,15151,115186,5000,mantle,wNativeRelayer,0x693EDf0068c24743ad1f36122c8e6D9aCDFD349e
OKX Web3,15151,115186,5000,mantle,dny deployed,0xABC7f0BEf82C4BF6A131758bbd92bdAFa63797DB
OKX Web3,15151,115186,5000,mantle,FushionXAdapter,0xf3964a4Ba7371E4C44aADFAc679cE9ba8B6AdC66
OKX Web3,15151,115186,5000,mantle,TraderJoeV2P1Adapter,0xfAd6a9eEe5b32E9B81bb217BaeF37742B2ca5B83
OKX Web3,15151,115186,5000,mantle,AgniFinanceAdapter,0x62a7b6eb6A5d2DcAa05Bf53C7272afd9dA460a2c
OKX Web3,15151,115186,5000,mantle,uniV3Adapter,0xEdBaB5dfAA165919Dfa94101c266e48c4e82D8Fd
OKX Web3,15151,115186,8453,base,tokenApprove,0x57df6092665eb6058DE53939612413ff4B09114E
OKX Web3,15151,115186,8453,base,dexRouter,0x6b2C0c7be2048Daa9b5527982C29f48062B34D58
OKX Web3,15151,115186,8453,base,tokenApproveProxy,0x1b5d39419C268b76Db06DE49e38B010fbFB5e226
OKX Web3,15151,115186,8453,base,wNativeRelayer,0xd2F0aC2012C8433F235c8e5e97F2368197DD06C7
OKX Web3,15151,115186,8453,base,solidlyAdapter,0xABC7f0BEf82C4BF6A131758bbd92bdAFa63797DB
OKX Web3,15151,115186,8453,base,dnyAdapter,0xf3964a4Ba7371E4C44aADFAc679cE9ba8B6AdC66
OKX Web3,15151,115186,8453,base,uniV3Adapter,0x56e6983D59bF472Ced0E63966A14d94A3A291589
OKX Web3,15151,115186,8453,base,balancerV2Adapter,0x6667C8dC9fBFeC411E7C1EE2b24DE960149f930f
OKX Web3,15151,115186,8453,base,1inch limitAdapter,0x21fD4D4e056E8022Eb13898D75F75670e16DfDC4
OKX Web3,15151,115186,8453,base,maverick adapter,0xEdBaB5dfAA165919Dfa94101c266e48c4e82D8Fd
OKX Web3,15151,115186,8453,base,horizon adapter,0xdce40846CAbaED9064A3bf5A7445235dB8fF0fF3
OKX Web3,15151,115186,8453,base,velocimeter adapter,0x9Ac7b1FFEE0f58c0a3c89AA54Afb62efD25DC9fd
OKX Web3,15151,115186,8453,base,dackieswap(pancakeV3) adapter,0xf534A8a1CAD0543Cd6438f7534CA3486c01998d4
OKX Web3,15151,115186,8453,base,algebra adapter,0x09a191DE731c61a9fcc1E9c6759a7355B61AA2A3
OKX Web3,15151,115186,8453,base,kokonut adapter,0xcee6A4D9126eCD2F3632E8397Ea0C0Fd8dED791a
OKX Web3,15151,115186,8453,base,WoofiAdapter,0xbf71EBcfd56DcbAbb21d5da693F6dfecc9BDAe5E
OKX Web3,15151,115186,8453,base,pancakeSwapV3,0xb1E4E25b1938c78Ec0b21cCb2D6a0Be60aA7E63f
OKX Web3,15151,115186,8453,base,kyberswap elastic,0x13A325612168e9E9816c69E116C3E1A150273301
OKX Web3,15151,115186,8453,base,synapse adapter,0x20289f2Ca1a5F0C997952686d69AAe4e26378077
OKX Web3,15151,115186,8453,base,curveTNGAdapter(base_CURVE_V2_TRICRYPTO_NG、CurveTricryptoOptimizedWETH),0x26cD030a7307E168eC9ccC30137629A5Ed8BaCD2
OKX Web3,15151,115186,8453,base,CurveV2Adapter(base_CURVE_V2_TWO_CRYPTO),0x9DD8625d4b67Dd1dc1cA9521fa884bF388151dD1
OKX Web3,15151,115186,8453,base,CurveAdapter(base_CURVE),0x176804012b76f846aB77b8396A6e5aE074701aAe
OKX Web3,15151,115186,8453,base,SmardexAdapter,0x3d60C4d60f4b804B258B07dFA79d44b2E01BB403
OKX Web3,15151,115186,8453,base,HtokenAdapter,0x42170295F1173c9e5874ea9d00c6d137E1a4f53d
OKX Web3,15151,115186,8453,base,IZumiAdapter deployed,0xa65856eF77D800Cf91057e39FF6639f0aF83128F
OKX Web3,15151,115186,8453,base,SolidlyV3Adapter,0x1Da57aFA94200d7D195aB7Bd1da5E6cBC147680d
OKX Web3,15151,115186,8453,base,BunnyswapAdapter,0x45B0A206A0eE358d929CEeE782d63b2d7E748540
OKX Web3,15151,115186,8453,base,FluidAdapter,0xB3F5E288775eFad42A9287d5A777C40a29ec95e8
OKX Web3,15151,115186,8453,base,MaverickV2Adapter,0x7DA6cDe2354dD295554aa2127D8ec3d31f6D91AA
OKX Web3,15151,115186,8453,base,aerodromeSlipstreamAdapter,0x56e6983D59bF472Ced0E63966A14d94A3A291589
OKX Web3,15151,115186,8453,base,AlienbaseV3Adapter,0x56e6983D59bF472Ced0E63966A14d94A3A291589
OKX Web3,15151,115186,8453,base,NovabitsV3Adapter,0x56e6983D59bF472Ced0E63966A14d94A3A291589
OKX Web3,15151,115186,8453,base,curve StableNG adapter,0xE58b3089dF6667fBf99b75595a1671BaF6797D6d
OKX Web3,15151,115186,8453,base,native adapter,0x5B04bDD5B660AD0C88217BaE2F232a267c35D2dd
OKX Web3,15151,115186,8453,base,VirtualAdapter(internal trading),0x75f21a97Bd89A9A5683A9f46b5D5B4a080708DEa
OKX Web3,15151,115186,9004,STARKNET,dexRouter,0x071ec1a17d031a821e024b9c2bbf196b82bdaed9658ccbe5a05006d2ff1385fa
OKX Web3,15151,115186,9004,STARKNET,jediSwapAdapter,0x030b0af4976db6b37498195df6ab752ba7f90ba84a33e558cac6db6efc8ca327
OKX Web3,15151,115186,9004,STARKNET,tenKSwapAdapter,0x03c0d05b71abb1cd13099a7f0bf18b73c53f3a7ce0f9963b6ca38d816d95814d
OKX Web3,15151,115186,9004,STARKNET,mySwapAdapter,0x0716c2a151ad1ad314a2cf56f7b44681afa10e0a05ca70591f1cd81d4c5a50ce
OKX Web3,15151,115186,9004,STARKNET,starkDefiAdapter,0x06dd8fc4c0bfada092705023d1b5af2258507b895bc1008b52374b044943d9ec
OKX Web3,15151,115186,9004,STARKNET,nostraAdapter,0x01190e7be5a9a24547fbd4a61b8160119eea862d369bc9f9f663eb4be67dbdf0
OKX Web3,15151,115186,70000029,sei,Dexrouter,sei1sevvtty7du6ulj58eg0l4v38m6m9rjfke3uqwx3teasz5jfsc94q9czp3s
OKX Web3,15151,115186,534352,scroll,tokenApprove,0x57df6092665eb6058DE53939612413ff4B09114E
OKX Web3,15151,115186,534352,scroll,dexRouter,0x6b2C0c7be2048Daa9b5527982C29f48062B34D58
OKX Web3,15151,115186,534352,scroll,wNativeRelayer,0xd2F0aC2012C8433F235c8e5e97F2368197DD06C7
OKX Web3,15151,115186,534352,scroll,tokenApproveProxy,0x1b5d39419C268b76Db06DE49e38B010fbFB5e226
OKX Web3,15151,115186,534352,scroll,uniV2 adapter,0x03B5ACdA01207824cc7Bc21783Ee5aa2B8d1D2fE
OKX Web3,15151,115186,534352,scroll,KyberElasticAdapter,0xd37EaF7d751087cAF2f7e61CEB7620e748429168
OKX Web3,15151,115186,534352,scroll,IZumiAdapter,0x4CD5e737D1aD509573f6924465168e54417F013E
OKX Web3,15151,115186,534352,scroll,SolidlyseriesAdapter,0xb0CB12D5783617728b2dC79b8A75f99c1fcbe618
OKX Web3,15151,115186,534352,scroll,SyncswapAdapter,0x56e6983D59bF472Ced0E63966A14d94A3A291589
OKX Web3,15151,115186,534352,scroll,dodoV2Adapter,0x0DaB5A5294AfAae76Ce990993fC10b896A01DBd1
OKX Web3,15151,115186,534352,scroll,AaveV3StaticATokenAdapter,0x21fD4D4e056E8022Eb13898D75F75670e16DfDC4
OKX Web3,15151,115186,534352,scroll,MaverickV2Adapter,0xEdBaB5dfAA165919Dfa94101c266e48c4e82D8Fd
OKX Web3,15151,115186,70000014,canto,tokenApprove,0x57df6092665eb6058DE53939612413ff4B09114E
OKX Web3,15151,115186,70000014,canto,dexRouter,0x6b2C0c7be2048Daa9b5527982C29f48062B34D58
OKX Web3,15151,115186,70000014,canto,wNativeRelayer,0xd2F0aC2012C8433F235c8e5e97F2368197DD06C7
OKX Web3,15151,115186,70000014,canto,tokenApproveProxy,0x1b5d39419C268b76Db06DE49e38B010fbFB5e226
OKX Web3,15151,115186,70000014,canto,cantoLendingAdapter,0x9Ab9590c37Cc7CB0f587d6fED698A5B4d2A9CEFD
OKX Web3,15151,115186,70000014,canto,VelocimeterAdapter,0x7A7300FeFce393dedB995a5Ab6B7896c1E907795
OKX Web3,15151,115186,169,manta,tokenApprove,0x57df6092665eb6058DE53939612413ff4B09114E
OKX Web3,15151,115186,169,manta,dexRouter,0x6b2C0c7be2048Daa9b5527982C29f48062B34D58
OKX Web3,15151,115186,169,manta,wNativeRelayer,0xd2F0aC2012C8433F235c8e5e97F2368197DD06C7
OKX Web3,15151,115186,169,manta,tokenApproveProxy,0x1b5d39419C268b76Db06DE49e38B010fbFB5e226
OKX Web3,15151,115186,169,manta,apertureAdapter,0x2E3329902b725bd1Ae774fB3dacBAe0626820Db4
OKX Web3,15151,115186,169,manta,IzumiAdapter,0x4913Dd426Da1fE64B2915528b31CE8e69d1BFd43
OKX Web3,15151,115186,169,manta,Quickswapv3Adapter,0xfAd6a9eEe5b32E9B81bb217BaeF37742B2ca5B83
OKX Web3,15151,115186,169,manta,PacificAdapter,0x596481aab99df416d8e363d33517e502c020a75b
OKX Web3,15151,115186,169,manta,uniV3Adapter,0x7562de13fB6DAac6167a16e29e5427726462F0De
OKX Web3,15151,115186,1088,metis,tokenApprove,0x57df6092665eb6058DE53939612413ff4B09114E
OKX Web3,15151,115186,1088,metis,dexRouter,0x6b2C0c7be2048Daa9b5527982C29f48062B34D58
OKX Web3,15151,115186,1088,metis,tokenApproveProxy,0x1b5d39419C268b76Db06DE49e38B010fbFB5e226
OKX Web3,15151,115186,1088,metis,wNativeRelayer,0xd2F0aC2012C8433F235c8e5e97F2368197DD06C7
OKX Web3,15151,115186,1088,metis,dnyAdapter,0x02D0131E5Cc86766e234EbF1eBe33444443b98a3
OKX Web3,15151,115186,1088,metis,uniswapV3 adapter,0x8CDDE82cFB4555D6ca21B5b28F97630265DA94c4
OKX Web3,15151,115186,1088,metis,SolidlyAdapter,0xd37EaF7d751087cAF2f7e61CEB7620e748429168
OKX Web3,15151,115186,1088,metis,netswap adapter,0xFA574f8B3152504E391E53FfF6e55E3Ee56e0889
OKX Web3,15151,115186,1088,metis,HermesAdapter(solidlyOnmetis),0x25831CdD393d9dE24dEAa987A29c640184350F5D
OKX Web3,15151,115186,1088,metis,HerculesV3Adapter,0x3E71D60419B9E16aD549C2Aa1B9348D4fC42acd8
OKX Web3,15151,115186,1088,metis,AaveV3StaticATokenAdapter,0xABC7f0BEf82C4BF6A131758bbd92bdAFa63797DB
OKX Web3,15151,115186,7000,zeta,wNativeRelayer,0x4CD5e737D1aD509573f6924465168e54417F013E
OKX Web3,15151,115186,7000,zeta,tokenApprove,0x03B5ACdA01207824cc7Bc21783Ee5aa2B8d1D2fE
OKX Web3,15151,115186,7000,zeta,tokenApproveProxy,0x8009858707810928CCe2c3526B78A4Eb8043888c
OKX Web3,15151,115186,7000,zeta,dexRouter,0x0DaB5A5294AfAae76Ce990993fC10b896A01DBd1
OKX Web3,15151,115186,7000,zeta,IzumiAdapter,0xFc1387e7AF2f476BFF03BdBe8562eE4A0d955200
OKX Web3,15151,115186,7000,zeta,dnyadapter,0xd7C2f6FB7336f01F9E65CC5e15fDD5f5B1F770F0
OKX Web3,15151,115186,4200,merlin,wNativeRelayer,0x38a342664aBE254Fc2Ca4A98d85eaB7C5aE63c85
OKX Web3,15151,115186,4200,merlin,tokenApprove,0x8b773D83bc66Be128c60e07E17C8901f7a64F000
OKX Web3,15151,115186,4200,merlin,tokenApproveProxy,0xfAd6a9eEe5b32E9B81bb217BaeF37742B2ca5B83
OKX Web3,15151,115186,4200,merlin,dexRouter,0x127a986cE31AA2ea8E1a6a0F0D5b7E5dbaD7b0bE
OKX Web3,15151,115186,4200,merlin,IZumiAdapter,0x02D0131E5Cc86766e234EbF1eBe33444443b98a3
OKX Web3,15151,115186,81457,blast,wNativeRelayer,0x8853A6Dc8bA7d4D2053f0ad05a23431c30f3a0bE
OKX Web3,15151,115186,81457,blast,tokenApprove,0x5fD2Dc91FF1dE7FF4AEB1CACeF8E9911bAAECa68
OKX Web3,15151,115186,81457,blast,tokenApproveProxy,0xaa6fB20894554d57319c39BCC2468F72af099ea0
OKX Web3,15151,115186,81457,blast,dexRouter,0x2E86f54943faFD2cB62958c3deed36C879e3E944
OKX Web3,15151,115186,81457,blast,dny adapter,0x327E641153fE9D193dDAF762DE39AC8531A4bA31
OKX Web3,15151,115186,81457,blast,uniV3 adapter,0x4d08a6FE192bc9059c9Db5d9e9b33B12711F7966
OKX Web3,15151,115186,81457,blast,AmbientAdapter ,0x32CAa9DaF57b3f704E78187e6732799Eb95fcfae
OKX Web3,15151,115186,81457,blast,RingSwapAdapter ,0x2a4ce73c30f068027edA945484E70C05808FA854
OKX Web3,15151,115186,81457,blast,Ring Protocol,0xdB3af8dF1cab8ae4159ED6a9b33dF5f8C3aD1485
OKX Web3,15151,115186,81457,blast,dodoV2 adapter,0x6667C8dC9fBFeC411E7C1EE2b24DE960149f930f
OKX Web3,15151,115186,34443,mode,wNativeRelayer,0x897a69668aDa305A7FB9FE3318e14f90dD76D070
OKX Web3,15151,115186,34443,mode,tokenApprove,0xbd0EBE49779E154E5042B34D5BcfBc498e4B3249
OKX Web3,15151,115186,34443,mode,tokenApproveProxy,0x6A4F2a37f188eC7079854cA7C9C0E1181f858A69
OKX Web3,15151,115186,34443,mode,dexRouter,0xD0f95FaFA06de1B21E79Db03C649919501e99Ea9
OKX Web3,15151,115186,34443,mode,dny deployed,0x4d08a6FE192bc9059c9Db5d9e9b33B12711F7966
OKX Web3,15151,115186,34443,mode,uniV3Adapter ,0x32CAa9DaF57b3f704E78187e6732799Eb95fcfae
OKX Web3,15151,115186,34443,mode,solidlyAdapter ,0x2a4ce73c30f068027edA945484E70C05808FA854
OKX Web3,15151,115186,34443,mode,SupSwapAdapter ,0xfAd6a9eEe5b32E9B81bb217BaeF37742B2ca5B83
OKX Web3,15151,115186,34443,mode,KimV4Adapter,0x8b773D83bc66Be128c60e07E17C8901f7a64F000
OKX Web3,15151,115186,196,xlayer,wNativeRelayer,0x38a342664aBE254Fc2Ca4A98d85eaB7C5aE63c85
OKX Web3,15151,115186,196,xlayer,tokenApprove,0x8b773D83bc66Be128c60e07E17C8901f7a64F000
OKX Web3,15151,115186,196,xlayer,tokenApproveProxy,0xfAd6a9eEe5b32E9B81bb217BaeF37742B2ca5B83
OKX Web3,15151,115186,196,xlayer,dexRouter,0x127a986cE31AA2ea8E1a6a0F0D5b7E5dbaD7b0bE
OKX Web3,15151,115186,196,xlayer,uniV3Adapter ,0x7DAF29d2000fd29d5c4B28BD4f1956Fe9948D078
OKX Web3,15151,115186,196,xlayer,IZumiAdapter ,0xe0806b2027cc821F741792eE634ae42b2D519dB0
OKX Web3,15151,115186,196,xlayer,dny deployed,0x2706C60251a5e365478874104fa790f5D49a7CC9
OKX Web3,15151,115186,196,xlayer,DackieV3Adapter ,0x329F0b78D7850Db32a35043c0DA9a63b3672617C
OKX Web3,15151,115186,196,xlayer,RevoSwapV3Adapter ,0xf18F664bFc8F0AdAeB70f93063b192Cf58627988
OKX Web3,15151,115186,196,xlayer,quickswapv3Adapter ,0x760b6B31120c3bE7D78a62267798Dd30a994f50d
OKX Web3,15151,115186,1329,sei,tokenApprove,0x801D8ED849039007a7170830623180396492c7ED
OKX Web3,15151,115186,1329,sei,dexRouter,0xdB3af8dF1cab8ae4159ED6a9b33dF5f8C3aD1485
OKX Web3,15151,115186,1329,sei,wNativeRelayer,0xE8c25c536550221a52472d50bBaBd2B88353DcE8
OKX Web3,15151,115186,1329,sei,tokenApproveProxy,0x1Da57aFA94200d7D195aB7Bd1da5E6cBC147680d
OKX Web3,15151,115186,1329,sei,OkuTradeAdapter,0xABC7f0BEf82C4BF6A131758bbd92bdAFa63797DB
OKX Web3,15151,115186,1329,sei,XeiAdapter,0xEdBaB5dfAA165919Dfa94101c266e48c4e82D8Fd
OKX Web3,15151,115186,1329,sei,jellyverseAdapter,0x9Ac7b1FFEE0f58c0a3c89AA54Afb62efD25DC9fd
OKX Web3,15151,115186,607,TON,dexRouter,EQBW_xuOTolXiDnDlmSHbdFp04NWNO5fPAs_bND_okYePHDJ
OKX Web3,15151,115186,607,TON,stonfi handler,Uf-tWxzReP8jcc7GASdeua4-qClJUAp13VcX6piymb06fG_C
OKX Web3,15151,115186,607,TON,dedust handler,Ef-Px0uCbP6_N3LzxKpyUTzj0wDmjlQ7uBtnwkFAneU0cJb3
OKX Web3,15151,115186,1284,GLMR,tokenApprove,0x57df6092665eb6058DE53939612413ff4B09114E
OKX Web3,15151,115186,1284,GLMR,tokenApproveProxy,0x1b5d39419C268b76Db06DE49e38B010fbFB5e226
OKX Web3,15151,115186,33139,ape,tokenApprove,0x57df6092665eb6058DE53939612413ff4B09114E
OKX Web3,15151,115186,33139,ape,tokenApproveProxy,0x1b5d39419C268b76Db06DE49e38B010fbFB5e226
OKX Web3,15151,115186,33139,ape,wNativeRelayer,0xd2F0aC2012C8433F235c8e5e97F2368197DD06C7
OKX Web3,15151,115186,33139,ape,dexRouter,0x6b2C0c7be2048Daa9b5527982C29f48062B34D58
OKX Web3,15151,115186,33139,ape,CamelotV3 adapter,0x20289f2Ca1a5F0C997952686d69AAe4e26378077
OKX Web3,15151,115186,33139,ape,CamelotV2 adapter,0x42170295F1173c9e5874ea9d00c6d137E1a4f53d
OKX Web3,15151,115186,33139,ape,Quoter,0x78466A1488f1883d71cFddd1c621351572dE0a1C
OKX Web3,15151,115186,4689,iotx,tokenApproveProxy,0x1b5d39419C268b76Db06DE49e38B010fbFB5e226
OKX Web3,15151,115186,4689,iotx,tokenApprove,0x57df6092665eb6058DE53939612413ff4B09114E
OKX Web3,15151,115186,4689,iotx,wNativeRelayer,0xd2F0aC2012C8433F235c8e5e97F2368197DD06C7
OKX Web3,15151,115186,4689,iotx,dexRouter,0x6b2C0c7be2048Daa9b5527982C29f48062B34D58
OKX Web3,15151,115186,4689,iotx,MimoV2 adapter,0x09a191DE731c61a9fcc1E9c6759a7355B61AA2A3
OKX Web3,15151,115186,4689,iotx,MimoV3 adapter,0x13A325612168e9E9816c69E116C3E1A150273301
OKX Web3,15151,115186,1,eth,Xbridge,0xFc99f58A8974A4bc36e60E2d490Bb8D72899ee9f
OKX Web3,15151,115186,1,eth,cbridgeAdaptor,0xA2Bc19eEC3355E0cFc73645555bbF19bE55C4F93
OKX Web3,15151,115186,1,eth,swftAdaptor,0xFd6eAd5eAB787Df0dECf409F6B088312e7B38E6b
OKX Web3,15151,115186,1,eth,zksyncAdaptor,0x458066A83746dbbf4A9bDFc3795BA79f3BF0F3f5
OKX Web3,15151,115186,1,eth,polygonAdaptor,0x571dB9057F6891AeD3Ab5EcE9F57b842ed642F6e
OKX Web3,15151,115186,1,eth,arbitrumAdaptor,0xd6eC4d637aD7C1F13DBac11d7851e6d1747F67ed
OKX Web3,15151,115186,1,eth,optimismAdaptor,0xdfcb0cEcC10e78F3F3749F3f3d3EE4047b2c9829
OKX Web3,15151,115186,1,eth,stargateAdaptor,0xfCf0b43E6f6A5aFF06733251CFd4C6c51AFf12A5
OKX Web3,15151,115186,1,eth,AcrossAdaptor,0xb402983E6CAF94724977Cc98578D9a8065D09BA1
OKX Web3,15151,115186,1,eth,hopAdaptor,0x6737c0D8d6FE5Bd6279452F3b89e06e3DB3D3D08
OKX Web3,15151,115186,1,eth,hypenAdaptor,0x8ebE95eBb1aCB591F7Fb12aaf28254d225FC8Da1
OKX Web3,15151,115186,1,eth,connextAdaptor,0xcd4080a4C71de49357AADE8B55b9fbD5d131518F
OKX Web3,15151,115186,1,eth,synapseAdaptor,0x1C53507177ADcd4A693bc8312821EA707E63f896
OKX Web3,15151,115186,1,eth,wanchainAdaptor,0xEB7cC05CCBf936CF36F87E85C1e832D8D31a4FA2
OKX Web3,15151,115186,1,eth,cctpAdaptor,0x0fb059Ec0Cc2543e5A0BD7c997a6B24Cf9e4b120
OKX Web3,15151,115186,1,eth,lineaAdaptor,0x446E74Bc32A336F37dEcBF448D37e7CD26D57D06
OKX Web3,15151,115186,1,eth,orbiterAdaptor,0x7a0b7A3B0a6a31B42015e667B6E31F2e430bDEbC
OKX Web3,15151,115186,1,eth,wormholeAdaptor,0x5B0656A5B8357a2C2EEdbDc7dA1Fea0A02aC5c92
OKX Web3,15151,115186,1,eth,mesonAdaptor,0x071F89Dadd974352e5a398F7A36a522F6C26632E
OKX Web3,15151,115186,1,eth,thorswapAdaptor,0x2Ba40467Cda8cb8F73cb389494343c27b415187D
OKX Web3,15151,115186,1,eth,starknetAdaptor,0x77c32d0899E5D37d79322D96ae4De72eEf73BEbb
OKX Web3,15151,115186,1,eth,scrollAdaptor,0x1271003C6fA86666a7d0F37352202a36A7c9b7BC
OKX Web3,15151,115186,1,eth,polygonzkevmAdaptor,0x2942eE89c37198A55131389bb9498aD81711ccCe
OKX Web3,15151,115186,1,eth,xlayerAdaptor,0xe25E21580d16dA759c53bfDB8C663dfE95B115ba
OKX Web3,15151,115186,1,eth,xLabsAdaptor,0x118C7e8d8f7e088018Edf0Fb9f3bAC0CE7490689
OKX Web3,15151,115186,1,eth,zetaOfficialAdaptor,0xB6F90667F730F36A7803fFa0d2966f2E90015232
OKX Web3,15151,115186,1,eth,blastAdaptor,0x522228c3a141997d3cCeEe05e06478d0Da8720b8
OKX Web3,15151,115186,1,eth,debridgeDlnAdapter,0xbDa85Eb0a4864525C96D072C00fa8dA2a76871ec
OKX Web3,15151,115186,1,eth,"AcrossV3Adaptor
",0xF6564B7De9969Fc06AEbab2a449b82dDEc4fe780
OKX Web3,15151,115186,1,eth,refuelAdaptor,0xD19A996801E43aE5EC2Dbe868Ac75D693d742eCC
OKX Web3,15151,115186,1,eth,"SuperBridge
",0x212241Ad6a6a0A7553c4290f7bc517c1041df0be
OKX Web3,15151,115186,1,eth,stargateV2BusAdaptor,0x339A72cc464760b882bEDFa46E7a7E0CdCB0Af33
OKX Web3,15151,115186,1,eth,"chainflipAdaptor
",0x0505CA416098a309114CaF4e5D1B7cfc3e40E678
OKX Web3,15151,115186,1,eth,allBridgeAdaptor,0xBa6B0E33f35562F8529868A9f5ad89b068AD4648
OKX Web3,15151,115186,1,eth,stargateV2TaxiAdaptor,0x339A72cc464760b882bEDFa46E7a7E0CdCB0Af33
OKX Web3,15151,115186,1,eth,Sui官方桥,0x00B763Aba284287b1D8Ee9fB8Ba97A36285DF464
OKX Web3,15151,115186,1,eth,Op旧模式官方桥,0x728a008F742cB836CDcEBb26B46eD379eb62b464
OKX Web3,15151,115186,1,eth,OpSNX模式官方桥,0x2d150aDF7547916772b994CEdB7a87B6045eFec1
OKX Web3,15151,115186,1,eth,butterV3Adapter,0xc016ca5f9a40b7e8c5a7542bb53c5c3c5cd6465f
OKX Web3,15151,115186,10,op,Xbridge,0xf956D9FA19656D8e5219fd6fa8bA6cb198094138
OKX Web3,15151,115186,10,op,cbridgeAdaptor,0xD193b24CfE3e07Ef43e1Baa7d158937B1C829ecC
OKX Web3,15151,115186,10,op,swftAdaptor,0x96985c5786b86cD8108313a9E3aDB9d657164746
OKX Web3,15151,115186,10,op,stargateAdaptor,0xe6f84059Cb9fb4bef63F0fD807527823C82EAa01
OKX Web3,15151,115186,10,op,AcrossAdaptor,0xC74513d6fA394b5621581eD050d3e9F3e9DFeE30
OKX Web3,15151,115186,10,op,hopAdaptor,0x4fEBf968487487eF1aB2868A783d4211F61bb149
OKX Web3,15151,115186,10,op,hypenAdaptor,0xba903B390e40C2c2d2B059A6b9457c94f0b783A3
OKX Web3,15151,115186,10,op,connextAdaptor,0x84bED57B513c8aC90d98F839a1c1cc4a26A49d78
OKX Web3,15151,115186,10,op,"synapseAdaptor
",0x974d1cF6FFA4fCE5a4d62955AFc02F45aAC29f35
OKX Web3,15151,115186,10,op,wanchainAdaptor,0x5b9C9c664C6500c369e96Ca2bC99EA9D9daE301B
OKX Web3,15151,115186,10,op,cctpAdaptor,0x510409cB1d971A77CC3731687315134AceA6c648
OKX Web3,15151,115186,10,op,orbiterAdaptor,0xE613654cD7CA6C9213E40b6Df1c52DacF91B6164
OKX Web3,15151,115186,10,op,wormholeAdaptor,0xfAd6a9eEe5b32E9B81bb217BaeF37742B2ca5B83
OKX Web3,15151,115186,10,op,mesonAdaptor,0xdDC7aA6D9411c98914f69cbB1E9719A66b48592F
OKX Web3,15151,115186,10,op,debridgeDlnAdapter,0x522228c3a141997d3cCeEe05e06478d0Da8720b8
OKX Web3,15151,115186,10,op,AcrossV3Adaptor,0xD1B936eAf8d141B68baf9089fA2C12F8491ac656
OKX Web3,15151,115186,10,op,refuelAdaptor,0x1f16A607a7f3F3044E477abFFc8BD33952cE306b
OKX Web3,15151,115186,10,op,stargateV2BusAdaptor,0xb878E7c236cd0B71C2c34F308443D9d5822c6cA9
OKX Web3,15151,115186,10,op,allBridgeAdaptor,0xb3E98689842b80F736ae3644De49A60ACcE03D51
OKX Web3,15151,115186,10,op,stargateV2TaxiAdaptor,0xb878E7c236cd0B71C2c34F308443D9d5822c6cA9
OKX Web3,15151,115186,10,op,butterV3Adapter,0x373f581713d15ee31500723c60bbddd07b748098
OKX Web3,15151,115186,42161,arb,Xbridge,0xFc99f58A8974A4bc36e60E2d490Bb8D72899ee9f
OKX Web3,15151,115186,42161,arb,cbridgeAdaptor,0x2Db6B8257215Ee9a751f8eDaD5E85df1b414b4Fd
OKX Web3,15151,115186,42161,arb,swftAdaptor,0xF23ea986380bc24Ded5Aacf0e025801b3EaE8b02
OKX Web3,15151,115186,42161,arb,stargateAdaptor,0x7457aC10157db5704136Dae0115d65a322899AB1
OKX Web3,15151,115186,42161,arb,AcrossAdaptor,0x2507f72120cBAE22666FFCf32849B7C2c9d06297
OKX Web3,15151,115186,42161,arb,hopAdaptor,0x277B42999581064072c00aF34953dA5BA492ddf6
OKX Web3,15151,115186,42161,arb,hypenAdaptor,0x7E653D0d29394f3ECC28334a19492b6Dc24584C7
OKX Web3,15151,115186,42161,arb,connextAdaptor,0xa694aaE2327867d1109DD60286d457916836a94B
OKX Web3,15151,115186,42161,arb,synapseAdaptor,0x472fc4f7fd3C9F06f0b8637c5505815ac80938Ad
OKX Web3,15151,115186,42161,arb,wanchainAdaptor,0x18Dcb1bdfe2c9eD9A7c29CEF2176e3D0DA6fA140
OKX Web3,15151,115186,42161,arb,cctpAdaptor,0x0dA231b5C3356528fa68a5680060E2231194E556
OKX Web3,15151,115186,42161,arb,orbiterAdaptor,0xE613654cD7CA6C9213E40b6Df1c52DacF91B6164
OKX Web3,15151,115186,42161,arb,wormholeAdaptor,0x61797B243285D227027d2F0639bacd0693Bb7F5F
OKX Web3,15151,115186,42161,arb,mesonAdaptor,0x1b2fcF4DC785638CF33D24b166fd3d24CBb79315
OKX Web3,15151,115186,42161,arb,scrollAdaptor,0x0a84606b759eC033Cab71c0D2e107E9AB1dD17f5
OKX Web3,15151,115186,42161,arb,polygonzkevmAdaptor,0x5EBc910c1BD4a41D27d4f76bd7fcb82613A507b0
OKX Web3,15151,115186,42161,arb,xLabsAdaptor,0x7fF766bB2F6738089b8457190d500aAE1f8A65E1
OKX Web3,15151,115186,42161,arb,debridgeDlnAdapter,0xd7E929aaf83B7127A1DA1E986F3693a215070E35
OKX Web3,15151,115186,42161,arb,SymbiosisAdaptor,0xcd4080a4C71de49357AADE8B55b9fbD5d131518F
OKX Web3,15151,115186,42161,arb,AcrossV3Adaptor,0xE4cbB22f2B1B0bC3C05d3b98298F2b2ae46d46Fd
OKX Web3,15151,115186,42161,arb,refuelAdaptor,0x522228c3a141997d3cCeEe05e06478d0Da8720b8
OKX Web3,15151,115186,42161,arb,stargateV2BusAdaptor,0xAF1875700120525D9f5dBD34CEb34c33093De809
OKX Web3,15151,115186,42161,arb,"chainflipAdaptor
",0xD0d93d01Ee395eFD63049B16546a01874dcBa045
OKX Web3,15151,115186,42161,arb,allBridgeAdaptor,0x7dD1845a425B90e0F71e48d7231Fbc24a14744AD
OKX Web3,15151,115186,42161,arb,stargateV2TaxiAdaptor,0xAF1875700120525D9f5dBD34CEb34c33093De809
OKX Web3,15151,115186,42161,arb,butterV3Adapter,0xd4eba6f9e4a0c62d9a287e93389230f4c703bedb
OKX Web3,15151,115186,43114,avax,Xbridge,0xf956D9FA19656D8e5219fd6fa8bA6cb198094138
OKX Web3,15151,115186,43114,avax,cbridgeAdaptor,0xD193b24CfE3e07Ef43e1Baa7d158937B1C829ecC
OKX Web3,15151,115186,43114,avax,swftAdaptor,0xba9d0E095ab042317ca9CF3D23f4402d9e9A4821
OKX Web3,15151,115186,43114,avax,stargateAdaptor,0xE297672b8E3d4DA732e3DA7e4cE2265177633fFb
OKX Web3,15151,115186,43114,avax,hypenAdaptor,0x4fc4CF35cd801c5eBdcB04EA183A774D745cEA2B
OKX Web3,15151,115186,43114,avax,synapseAdaptor,0x2B9899bC46Bf0eE094225995f4bD496d42f261Af
OKX Web3,15151,115186,43114,avax,wanchainAdaptor,0x715EF78890cC2924faC3450b648d44ca7676a4b2
OKX Web3,15151,115186,43114,avax,cctpAdaptor,0x7809B76f173876f3FC1683C880A76400aA426b75
OKX Web3,15151,115186,43114,avax,wormholeAdaptor,0xfAd6a9eEe5b32E9B81bb217BaeF37742B2ca5B83
OKX Web3,15151,115186,43114,avax,mesonAdaptor,0x8BcDE870292B9f901E275BD0C00f71b7AB195F86
OKX Web3,15151,115186,43114,avax,thorswapAdaptor,0xE613654cD7CA6C9213E40b6Df1c52DacF91B6164
OKX Web3,15151,115186,43114,avax,xLabsAdaptor,0x81A38BF918C118d71bbaeb4a059e211Ed84bd376
OKX Web3,15151,115186,43114,avax,debridgeDlnAdapter,0xf59D43350B2129b3D82Dd9b2D446bD34eA6d391b
OKX Web3,15151,115186,43114,avax,refuelAdaptor,0xdCD47934F697890f9D4C3af2B8B42d7336235894
OKX Web3,15151,115186,43114,avax,stargateV2BusAdaptor,0x84bED57B513c8aC90d98F839a1c1cc4a26A49d78
OKX Web3,15151,115186,43114,avax,allBridgeAdaptor,0x0de0e04eD0e058fFE7d7304d752f684B1a411760
OKX Web3,15151,115186,43114,avax,stargateV2TaxiAdaptor,0x84bED57B513c8aC90d98F839a1c1cc4a26A49d78
OKX Web3,15151,115186,8453,base,Xbridge,0x5965851f21DAE82eA7C62f87fb7C57172E9F2adD
OKX Web3,15151,115186,8453,base,swftAdaptor,0xF1f344798Cfd55A17856853e1dF92b0D78102a6d
OKX Web3,15151,115186,8453,base,stargateAdaptor,0x41eD11488C45037AbD0932982F3F51FE53C19E91
OKX Web3,15151,115186,8453,base,AcrossAdaptor,0x84bED57B513c8aC90d98F839a1c1cc4a26A49d78
OKX Web3,15151,115186,8453,base,hopAdaptor,0x1CA2e7A65A7BaF4D71827554674b0eaFE9098Ffa
OKX Web3,15151,115186,8453,base,synapseAdaptor,0x9A93a99ae01e1907dF6cb94dac122ae29E02f095
OKX Web3,15151,115186,8453,base,wanchainAdaptor,0xF0B63F36d6196b2620c11B8348736033738E8B2c
OKX Web3,15151,115186,8453,base,cctpAdaptor,0xB54742D3e5a113b470B7E8656bE9b7Eb0cca8Ef1
OKX Web3,15151,115186,8453,base,orbiterAdaptor,0xE613654cD7CA6C9213E40b6Df1c52DacF91B6164
OKX Web3,15151,115186,8453,base,wormholeAdaptor,0xfAd6a9eEe5b32E9B81bb217BaeF37742B2ca5B83
OKX Web3,15151,115186,8453,base,mesonAdaptor,0x2557Ab104c6920ac2Ca4dBA2D4a042Ab8608E994
OKX Web3,15151,115186,8453,base,xLabsAdaptor,0x5d0b358D089C3096414De86AD2E22Ef5Cfe7BCb4
OKX Web3,15151,115186,8453,base,debridgeDlnAdapter,0x9f1b499ecae53DafA8a593de32af144AccCB2d44
OKX Web3,15151,115186,8453,base,AcrossV3Adaptor,0x3e2f60534A65CEb5619bc29f2DC9Bd6aAe58CD09
OKX Web3,15151,115186,8453,base,refuelAdaptor,0xa2a5f34E3a84a4EB8b1cbb5dc1b3FC5C82F67c2B
OKX Web3,15151,115186,8453,base,stargateV2BusAdaptor,0xa7279445326D56F2c333C9Be6B3f6493A29C29fB
OKX Web3,15151,115186,8453,base,allBridgeAdaptor,0xFd6eAd5eAB787Df0dECf409F6B088312e7B38E6b
OKX Web3,15151,115186,8453,base,stargateV2TaxiAdaptor,0xa7279445326D56F2c333C9Be6B3f6493A29C29fB
OKX Web3,15151,115186,8453,base,butterV3Adapter,0x33b38e0c381400e7ed68ce50423997fd56ab3ee8
OKX Web3,15151,115186,56,bsc,Xbridge,0xFc99f58A8974A4bc36e60E2d490Bb8D72899ee9f
OKX Web3,15151,115186,56,bsc,cbridgeAdaptor,0x8D4F3956f3216229B8c1c8f8AFc4aA7130aB3114
OKX Web3,15151,115186,56,bsc,swftAdaptor,0x738f84123d2f933a0D4A7aD37fDF99b90B4B3731
OKX Web3,15151,115186,56,bsc,stargateAdaptor,0xBfDa5ffC05D107704350db733bEF3aD7700E339B
OKX Web3,15151,115186,56,bsc,hypenAdaptor,0xB31bea1dAb451721E6F90B5dC7ce81B3506df376
OKX Web3,15151,115186,56,bsc,connextAdaptor,0xB26591b20947b5E35578bC3aa222FA5c8Df0bBa0
OKX Web3,15151,115186,56,bsc,synapseAdaptor,0x1C84735e4683D3EFAb882Cf35f6feeD8647Bda49
OKX Web3,15151,115186,56,bsc,wanchainAdaptor,0xa50FD06d2b099a4B06d54177C7d3AB08D3D3F004
OKX Web3,15151,115186,56,bsc,orbiterAdaptor,0xE613654cD7CA6C9213E40b6Df1c52DacF91B6164
OKX Web3,15151,115186,56,bsc,wormholeAdaptor,0xfAd6a9eEe5b32E9B81bb217BaeF37742B2ca5B83
OKX Web3,15151,115186,56,bsc,mesonAdaptor,0x56731046176e68716a83d6cB7d1aBB499F42226A
OKX Web3,15151,115186,56,bsc,thorswapAdaptor,0x5b2392ee3BEe62b05A6cce52701f2BE961CA8c3d
OKX Web3,15151,115186,56,bsc,xLabsAdaptor,0x4A878b1e261cA62463F4238170024756a5bd0cAC
OKX Web3,15151,115186,56,bsc,zetaOfficialAdaptor,0x7b072d4e3cF847728d1E033a3CfAea050F0976d4
OKX Web3,15151,115186,56,bsc,debridgeDlnAdapter,0x7D9c44cc192fB575846A397bFB330328a20BA302
OKX Web3,15151,115186,56,bsc,refuelAdaptor,0x80bbc42BB1cAB9cb54D916FF6EA6f77Ae1C5BE25
OKX Web3,15151,115186,56,bsc,stargateV2BusAdaptor,0x2e516A88EA9E012D01FF549887530225A08E51ed
OKX Web3,15151,115186,56,bsc,"allBridgeAdaptor
",0x270612cC4527052d2D411BD21FF639a9A8DA4F6c
OKX Web3,15151,115186,56,bsc,stargateV2TaxiAdaptor,0x2e516A88EA9E012D01FF549887530225A08E51ed
OKX Web3,15151,115186,56,bsc,butterV3Adapter,0xdcd47934f697890f9d4c3af2b8b42d7336235894
OKX Web3,15151,115186,25,cro,Xbridge,0xf956D9FA19656D8e5219fd6fa8bA6cb198094138
OKX Web3,15151,115186,25,cro,swftAdaptor,0xBd5E7903f311261Fd334Ea409a554f35Ab02D8aE
OKX Web3,15151,115186,25,cro,mesonAdaptor,0xcFd7Cf545bD0C67f263F33278c869c8f8A01C77D
OKX Web3,15151,115186,250,ftm,Xbridge,0xf956D9FA19656D8e5219fd6fa8bA6cb198094138
OKX Web3,15151,115186,250,ftm,cbridgeAdaptor,0xBE1BCB60832Cda04b2bd1236B26556452ab11e86
OKX Web3,15151,115186,250,ftm,swftAdaptor,0x1daace61642FdfdbB513A48c36817B41AE225140
OKX Web3,15151,115186,250,ftm,stargateAdaptor,0xbC1258cE5FE29d2Cd76F686F3A2Ac92bf1c6EbF0
OKX Web3,15151,115186,250,ftm,hypenAdaptor,0xE297672b8E3d4DA732e3DA7e4cE2265177633fFb
OKX Web3,15151,115186,59144,linea,Xbridge,0xf956D9FA19656D8e5219fd6fa8bA6cb198094138
OKX Web3,15151,115186,59144,linea,stargateAdaptor,0x596481AAB99Df416D8e363D33517e502C020A75B
OKX Web3,15151,115186,59144,linea,AcrossAdaptor,0xf2640B571e77Ceb20B5Eb337733e6E476c05fBE8
OKX Web3,15151,115186,59144,linea,synapseAdaptor,0xa97D50c77bDbb616C0E0Ae82dC2d3975151E4D2f
OKX Web3,15151,115186,59144,linea,orbiterAdaptor,0xE613654cD7CA6C9213E40b6Df1c52DacF91B6164
OKX Web3,15151,115186,59144,linea,mesonAdaptor,0x73A37bC35eE3e6A194a111C45F610054F998024a
OKX Web3,15151,115186,59144,linea,debridgeDlnAdapter,0x7D9c44cc192fB575846A397bFB330328a20BA302
OKX Web3,15151,115186,59144,linea,AcrossV3Adaptor,0x2428b1C0B48eebF396D15a6b8cAACe89eF08630D
OKX Web3,15151,115186,59144,linea,refuelAdaptor,0x4d1fb720374a52Ac193DA6260AC2F0108a60D18E
OKX Web3,15151,115186,59144,linea,stargateV2BusAdaptor,0xaBAcdECb08beAEc5F4Bf80528eD4CdEE9f1d7734
OKX Web3,15151,115186,59144,linea,stargateV2TaxiAdaptor,0xaBAcdECb08beAEc5F4Bf80528eD4CdEE9f1d7734
OKX Web3,15151,115186,169,manta,Xbridge,0x91EcECC4F2363770c621a8a061A80d67cfEafEC7
OKX Web3,15151,115186,169,manta,orbiterAdaptor,0x7a0b7A3B0a6a31B42015e667B6E31F2e430bDEbC
OKX Web3,15151,115186,169,manta,mesonAdaptor,0x1A6c40CE4f7f0D9fC010e8d90D0E66591faCf0bE
OKX Web3,15151,115186,5000,mantle,Xbridge,0xf956D9FA19656D8e5219fd6fa8bA6cb198094138
OKX Web3,15151,115186,5000,mantle,mesonAdaptor,0x8D4F3956f3216229B8c1c8f8AFc4aA7130aB3114
OKX Web3,15151,115186,5000,mantle,refuelAdaptor,0xE613654cD7CA6C9213E40b6Df1c52DacF91B6164
OKX Web3,15151,115186,5000,mantle,stargateV2BusAdaptor,0xD380025daa15F056470535b64b6f2566Bdcc1D16
OKX Web3,15151,115186,5000,mantle,stargateV2TaxiAdaptor,0xD380025daa15F056470535b64b6f2566Bdcc1D16
OKX Web3,15151,115186,4200,merlin,Xbridge,0xf956D9FA19656D8e5219fd6fa8bA6cb198094138
OKX Web3,15151,115186,4200,merlin,mesonAdaptor,0xa45f8e6836406cB9D2c78497Ce08e11F3F173f61
OKX Web3,15151,115186,1088,metis,Xbridge,0xa50FD06d2b099a4B06d54177C7d3AB08D3D3F004
OKX Web3,15151,115186,1088,metis,stargateAdaptor,0x9f1b499ecae53DafA8a593de32af144AccCB2d44
OKX Web3,15151,115186,1088,metis,synapseAdaptor,0xc5eE92E154CF78Eade01AA32E160A5feB467Da88
OKX Web3,15151,115186,1088,metis,mesonAdaptor,0x1A6c40CE4f7f0D9fC010e8d90D0E66591faCf0bE
OKX Web3,15151,115186,1088,metis,stargateV2BusAdaptor,0xB54742D3e5a113b470B7E8656bE9b7Eb0cca8Ef1
OKX Web3,15151,115186,1088,metis,stargateV2TaxiAdaptor,0x84bED57B513c8aC90d98F839a1c1cc4a26A49d78
OKX Web3,15151,115186,34443,mode,Xbridge,0xf956D9FA19656D8e5219fd6fa8bA6cb198094138
OKX Web3,15151,115186,34443,mode,connextAdaptor,0x63b18D6308A3D49Be451dF35a60A4DA57b750600
OKX Web3,15151,115186,34443,mode,mesonAdaptor,0xf9363E4970b6DF7971D63140b6B1D5B2697ac632
OKX Web3,15151,115186,34443,mode,AcrossV3Adaptor,0x90d5290267e5F378a345C239c07Ee0A3DB26F63A
OKX Web3,15151,115186,66,okc,Xbridge,0xf956D9FA19656D8e5219fd6fa8bA6cb198094138
OKX Web3,15151,115186,66,okc,cbridgeAdaptor,0x350b44e3d05DcCbBe99AC159eEb6EDb82291721a
OKX Web3,15151,115186,66,okc,swftAdaptor,0x33f0825E972834953a80fb73eE4e29D2B2f59718
OKX Web3,15151,115186,66,okc,wanchainAdaptor,0xE613654cD7CA6C9213E40b6Df1c52DacF91B6164
OKX Web3,15151,115186,137,polygon,Xbridge,0x89f423567c2648BB828c3997f60c47b54f57Fa6e
OKX Web3,15151,115186,137,polygon,cbridgeAdaptor,0x0125F67642828d294A268fc180b3b94C5333af94
OKX Web3,15151,115186,137,polygon,swftAdaptor,0x5F1Bb0328844370a47596F9bC47CA5045B43E53F
OKX Web3,15151,115186,137,polygon,stargateAdaptor,0xDBd902C73A7D1D3cdc283f13142561c9f754838b
OKX Web3,15151,115186,137,polygon,AcrossAdaptor,0x339A72cc464760b882bEDFa46E7a7E0CdCB0Af33
OKX Web3,15151,115186,137,polygon,hopAdaptor,0x21241acD9275E6b9c1289F4729B2D5a8e19764CD
OKX Web3,15151,115186,137,polygon,hypenAdaptor,0x5A04b51E7e20f5a8F8f17F5c0f2035b618A3DfdE
OKX Web3,15151,115186,137,polygon,connextAdaptor,0xa035434bfB01dB4C24bd04d2bB5eDa0db1E3E5b3
OKX Web3,15151,115186,137,polygon,synapseAdaptor,0x0de0e04eD0e058fFE7d7304d752f684B1a411760
OKX Web3,15151,115186,137,polygon,wanchainAdaptor,0xf59D43350B2129b3D82Dd9b2D446bD34eA6d391b
OKX Web3,15151,115186,137,polygon,cctpAdaptor,0x6d3021e901AA2B9F4d960d986d380d04699360ec
OKX Web3,15151,115186,137,polygon,orbiterAdaptor,0xE613654cD7CA6C9213E40b6Df1c52DacF91B6164
OKX Web3,15151,115186,137,polygon,wormholeAdaptor,0x9543CD257ce116dA417d75A962De20f86057A884
OKX Web3,15151,115186,137,polygon,mesonAdaptor,0x48A8aE0049D84d54d1E1FFD504fe0a35A1570DCC
OKX Web3,15151,115186,137,polygon,xLabsAdaptor,0x288FFd2A881a0B9fE8C585649DD293fa7881AAd9
OKX Web3,15151,115186,137,polygon,debridgeDlnAdapter,0xB21A65a68A6abEed1A344AEB69AF146D64B06127
OKX Web3,15151,115186,137,polygon,AcrossV3Adaptor,0x142159DfCF1B0CBfCCCbE67C7beA3844740d1d65
OKX Web3,15151,115186,137,polygon,refuelAdaptor,0x715EF78890cC2924faC3450b648d44ca7676a4b2
OKX Web3,15151,115186,137,polygon,stargateV2BusAdaptor,0x935A08F382d56b0ea9e907DF72c3898A0a5EFFBe
OKX Web3,15151,115186,137,polygon,allBridgeAdaptor,0x4DE9681BF2818fa92006B146566B7B87A4D36f09
OKX Web3,15151,115186,137,polygon,stargateV2TaxiAdaptor,0x935A08F382d56b0ea9e907DF72c3898A0a5EFFBe
OKX Web3,15151,115186,1101,polyzkevm,Xbridge,0x5965851f21DAE82eA7C62f87fb7C57172E9F2adD
OKX Web3,15151,115186,1101,polyzkevm,cbridgeAdaptor,0xD193b24CfE3e07Ef43e1Baa7d158937B1C829ecC
OKX Web3,15151,115186,1101,polyzkevm,swftAdaptor,0x221e67f832e841121daDf2a6A3460a90068d2E26
OKX Web3,15151,115186,1101,polyzkevm,orbiterAdaptor,0xE613654cD7CA6C9213E40b6Df1c52DacF91B6164
OKX Web3,15151,115186,1101,polyzkevm,mesonAdaptor,0x369974bc46c999cb646c0FedC4970070684d13F2
OKX Web3,15151,115186,1101,polyzkevm,polygonzkevmAdaptor,0x8b773D83bc66Be128c60e07E17C8901f7a64F000
OKX Web3,15151,115186,1101,polyzkevm,refuelAdaptor,0x4Fe08203721a45245b6095c63646CB0A5d77bB1f
OKX Web3,15151,115186,534352,scroll,Xbridge,0xf956D9FA19656D8e5219fd6fa8bA6cb198094138
OKX Web3,15151,115186,534352,scroll,cbridgeAdaptor,0xbC9902Cd77Ab544921724B40bFb251318BDba426
OKX Web3,15151,115186,534352,scroll,swftAdaptor,0xAa1a940CcD05374B576a6a33394d599eC55241f1
OKX Web3,15151,115186,534352,scroll,synapseAdaptor,0x2B9899bC46Bf0eE094225995f4bD496d42f261Af
OKX Web3,15151,115186,534352,scroll,orbiterAdaptor,0xE613654cD7CA6C9213E40b6Df1c52DacF91B6164
OKX Web3,15151,115186,534352,scroll,mesonAdaptor,0x090C366D4a474FD4B18a2f7Ec11Ad9EFDC35ce02
OKX Web3,15151,115186,534352,scroll,scrollAdaptor,0x7a0b7A3B0a6a31B42015e667B6E31F2e430bDEbC
OKX Web3,15151,115186,534352,scroll,AcrossV3Adaptor,0xB26591b20947b5E35578bC3aa222FA5c8Df0bBa0
OKX Web3,15151,115186,534352,scroll,stargateV2BusAdaptor,0xD380025daa15F056470535b64b6f2566Bdcc1D16
OKX Web3,15151,115186,534352,scroll,stargateV2TaxiAdaptor,0xD380025daa15F056470535b64b6f2566Bdcc1D16
OKX Web3,15151,115186,196,xlayer,Xbridge,0x5965851f21DAE82eA7C62f87fb7C57172E9F2adD
OKX Web3,15151,115186,196,xlayer,wanchainAdaptor,0x863D4f8F13C4b69a9bCC9d8826cD6CB8E3e3b82A
OKX Web3,15151,115186,196,xlayer,mesonAdaptor,0xaD7c9ca9D558f72Dc15cbb33ec7002fba5f332a3
OKX Web3,15151,115186,196,xlayer,xlayerAdaptor,0xAcE2b97D84DEA5c202D9Aa538610A9845fdFD244
OKX Web3,15151,115186,7000,zeta,Xbridge,0x81E3d4a5826a34f06065FAf16a532bA2D471CB8E
OKX Web3,15151,115186,7000,zeta,mesonAdaptor,0x1A6c40CE4f7f0D9fC010e8d90D0E66591faCf0bE
OKX Web3,15151,115186,7000,zeta,zetaOfficialAdaptor,0xba903B390e40C2c2d2B059A6b9457c94f0b783A3
OKX Web3,15151,115186,81457,blast,Xbridge,0xf956d9fa19656d8e5219fd6fa8ba6cb198094138
OKX Web3,15151,115186,81457,blast,synapseAdaptor,0x2Db6B8257215Ee9a751f8eDaD5E85df1b414b4Fd
OKX Web3,15151,115186,81457,blast,orbiterAdaptor,0x7a0b7A3B0a6a31B42015e667B6E31F2e430bDEbC
OKX Web3,15151,115186,81457,blast,mesonAdaptor,0x253F8Ce0Ff3A8F1be960726E9945b8e0f393aCFF
OKX Web3,15151,115186,81457,blast,AcrossV3Adaptor,0x02FB4d3c11dE211FC1975bf50d188C6DAef73440
OKX Web3,15151,115186,324,zksync,Xbridge,0x4040bEC373F6e8be2F913324de94A7b9242E5E92
OKX Web3,15151,115186,324,zksync,cbridgeAdaptor,0xF375C9A672655832129C127815178c47515E389C
OKX Web3,15151,115186,324,zksync,swftAdaptor,0x138E5F4745649CC07F9d60358761c28b2dDf95e9
OKX Web3,15151,115186,324,zksync,AcrossAdaptor,0x911AcE178369eC38EC51e643F725a01bC8b45AF3
OKX Web3,15151,115186,324,zksync,mesonAdaptor,0x80258a07Dcc43f7ACb78c3777F4710348Ed5D078
OKX Web3,15151,115186,324,zksync,AcrossV3Adaptor,0x0ED66FA0894d5D45073F1d4f646eFF43Bc8e2929
OKX Web3,15151,115186,324,zksync,refuelAdaptor,0xbdfC6a356d874136d6D2A1d0478D75c67a0ad47A
OKX Web3,15151,115186,1,eth,GasStationV2,0x10374bC1c4cA086e22673dBc4d702Fee74C4ffc5
OKX Web3,15151,115186,42161,arb,GasStationV2,0x74ac8eC0c6fC83B4127816c23930Bea9E1a83df5
OKX Web3,15151,115186,10,op,GasStationV2,0x74ac8eC0c6fC83B4127816c23930Bea9E1a83df5
OKX Web3,15151,115186,324,zksync,GasStationV2,0x377c02E0758106A41B87ca94388c9A8978a3659D
OKX Web3,15151,115186,66,okc,GasStationV2,0x9031626D48833309D02fBEdae573cddDAaBD0C8F
OKX Web3,15151,115186,56,bsc,GasStationV2,0x6182672EfCB2DdF094F7BFd3E92eCD10E718E4e1
OKX Web3,15151,115186,43114,avax,GasStationV2,0x6182672EfCB2DdF094F7BFd3E92eCD10E718E4e1
OKX Web3,15151,115186,137,polygon,GasStationV2,0xDD6B3aC983AE0427D329A705108C26D2cb8F945E
OKX Web3,15151,115186,250,ftm,GasStationV2,0x6F2A5149246FE3E2e2dfb44d670c0ed4496f3648
OKX Web3,15151,115186,195,tron,GasStationV2,TDoBYLg56JCo2EhD1AwoFz45XUNbS9aapq
OKX Web3,15151,115186,1,eth,kronos pmmProtocol,0xbcd0fCD2CEF53B927F7FA75F57D08c28862Ed975
OKX Web3,15151,115186,1,eth,kronos Adapter,0x6667C8dC9fBFeC411E7C1EE2b24DE960149f930f
OKX Web3,15151,115186,1,eth,General pmmProtocol,0xf534a8a1cad0543cd6438f7534ca3486c01998d4
OKX Web3,15151,115186,1,eth,General Adapter,0x3f7B48d5acafBA9793B6384912f568a1aBF78E9f
OKX Web3,15151,115186,1,eth,LimitOrderV1,0xA6dA84219B1d5F419Ef959F1f2A7ec7E32f45CA6
OKX Web3,15151,115186,42161,arb,LimitOrderV1,0xae2818653aA8a64c4205d04ccd693e23949ad447
OKX Web3,15151,115186,43114,avax,LimitOrderV1,0xA6dA84219B1d5F419Ef959F1f2A7ec7E32f45CA6
OKX Web3,15151,115186,56,bsc,LimitOrderV1,0xA6dA84219B1d5F419Ef959F1f2A7ec7E32f45CA6
OKX Web3,15151,115186,250,ftm,LimitOrderV1,0xA6dA84219B1d5F419Ef959F1f2A7ec7E32f45CA6
OKX Web3,15151,115186,66,okc,LimitOrderV1,0xF33a9616C207E91678337627460f8AF6838a57b8
OKX Web3,15151,115186,10,op,LimitOrderV1,0xA6dA84219B1d5F419Ef959F1f2A7ec7E32f45CA6
OKX Web3,15151,115186,137,polygon,LimitOrderV1,0xA6dA84219B1d5F419Ef959F1f2A7ec7E32f45CA6
OKX Web3,15151,115186,42161,arb,LimitOrderV2,0x2ae8947FB81f0AAd5955Baeff9Dcc7779A3e49F2
OKX Web3,15151,115186,42161,arb,Adapter,0x474aC899F4dDed75e6e214393e922Dd68e661c4A
OKX Web3,15151,115186,42161,arb,OrderCheck,0x8CD57f07E5CbD212C6b5432C253e1650242614Ad
OKX Web3,15151,115186,43114,avax,LimitOrderV2,0x2ae8947FB81f0AAd5955Baeff9Dcc7779A3e49F2
OKX Web3,15151,115186,43114,avax,Adapter,0x474aC899F4dDed75e6e214393e922Dd68e661c4A
OKX Web3,15151,115186,43114,avax,OrderCheck,0x8CD57f07E5CbD212C6b5432C253e1650242614Ad
OKX Web3,15151,115186,56,bsc,LimitOrderV2,0x2ae8947FB81f0AAd5955Baeff9Dcc7779A3e49F2
OKX Web3,15151,115186,56,bsc,Adapter,0x474aC899F4dDed75e6e214393e922Dd68e661c4A
OKX Web3,15151,115186,56,bsc,OrderCheck,0x8CD57f07E5CbD212C6b5432C253e1650242614Ad
OKX Web3,15151,115186,1,eth,LimitOrderV2,0x2ae8947FB81f0AAd5955Baeff9Dcc7779A3e49F2
OKX Web3,15151,115186,1,eth,Adapter,0x474aC899F4dDed75e6e214393e922Dd68e661c4A
OKX Web3,15151,115186,1,eth,OrderCheck,0x8CD57f07E5CbD212C6b5432C253e1650242614Ad
OKX Web3,15151,115186,250,ftm,LimitOrderV2,0x2ae8947FB81f0AAd5955Baeff9Dcc7779A3e49F2
OKX Web3,15151,115186,250,ftm,Adapter,0x474aC899F4dDed75e6e214393e922Dd68e661c4A
OKX Web3,15151,115186,250,ftm,OrderCheck,0x8CD57f07E5CbD212C6b5432C253e1650242614Ad
OKX Web3,15151,115186,66,okc,LimitOrderV2,0x2ae8947FB81f0AAd5955Baeff9Dcc7779A3e49F2
OKX Web3,15151,115186,66,okc,Adapter,0x474aC899F4dDed75e6e214393e922Dd68e661c4A
OKX Web3,15151,115186,66,okc,OrderCheck,0x8CD57f07E5CbD212C6b5432C253e1650242614Ad
OKX Web3,15151,115186,10,op,LimitOrderV2,0x2ae8947FB81f0AAd5955Baeff9Dcc7779A3e49F2
OKX Web3,15151,115186,10,op,Adapter,0x474aC899F4dDed75e6e214393e922Dd68e661c4A
OKX Web3,15151,115186,10,op,OrderCheck,0x8CD57f07E5CbD212C6b5432C253e1650242614Ad
OKX Web3,15151,115186,137,polygon,LimitOrderV2,0x2ae8947FB81f0AAd5955Baeff9Dcc7779A3e49F2
OKX Web3,15151,115186,137,polygon,Adapter,0x474aC899F4dDed75e6e214393e922Dd68e661c4A
OKX Web3,15151,115186,137,polygon,OrderCheck,0x8CD57f07E5CbD212C6b5432C253e1650242614Ad
OKX Web3,15151,115186,8453,base,OrderCheck,0x12e55236d0743999716ebAcBd1FE07F63719b0dF
OKX Web3,15151,115186,1,eth,uniAdapterForRebaseToken,0x76064C487Dd2a23B8b524Ec44595Ea991E7FC3fe
OKX Web3,15151,115186,137,polygon,uniAdapterForRebaseToken,0xB244A168C11304c373E248A0F48f3fF683990574
OKX Web3,15151,115186,43114,avax,uniAdapterForRebaseToken,0x176804012b76f846aB77b8396A6e5aE074701aAe
OKX Web3,15151,115186,1,eth,UniV3 adapter fixed for refund,0xA6441Dc96F720Affd4DFA28B5463e7EED569b030
OKX Web3,15151,115186,56,bsc,PancakeStableSwapTwoAdapter,0x78466a1488f1883d71cfddd1c621351572de0a1c
OKX Web3,15151,115186,1,eth,UniV3AdapterForStETH,0x4347b972898B2fd780ADBdAa29b4A5160A9f4Fe5
OKX Web3,15151,115186,1,eth,univ3 adapter refund,0x570A3dcdeE7b7d53c2E9F09F981804Ba3dCc6b7B
OKX Web3,15151,115186,42161,ARB,univ3 adapter refund,0x6f6abb9d9CD36567D2Eb9a213cE278f79Bb9605F
OKX Web3,15151,115186,10,OP,univ3 adapter refund,0x964676946AAEB014631bdeE35e028B77875e6689
OKX Web3,15151,115186,56,bsc,univ3 adapter refund,0x571EaCF92D6383C4B3371A3c01c6C480E3A736Fe
OKX Web3,15151,115186,8453,base,univ3 adapter refund,0xd688Ab46dC476a05a093e4442D06cEB348aDbDA8
OKX Web3,15151,115186,1,eth,SovereignPoolAdapter,0x766730b18ef81a06b382ffe1aa3eccf963be3653
OKX Web3,15151,115186,137,polygon,univ3 adapter refund,0xDeEF773D61719a3181E35e9281600Db8bA063f71
OKX Web3,15151,115186,59144,linea,SolidlyseriesAdapter,0x13A325612168e9E9816c69E116C3E1A150273301
OKX Web3,15151,115186,1,eth,SavingsPoolAdapter,0x49e3d83b6360dcbd4861f73d2eb3feb06e29fd2e
OKX Web3,15151,115186,1,eth,NativePmmAdapterV2,0x5dfbDa3038E1A547ff98B37Ff5263967D7aE2187
OKX Web3,15151,115186,42161,ARB,NativePmmAdapterV2,0x3F47CBE00583343B712C85efFE9C2e6a7b1BAD4F
OKX Web3,15151,115186,146,S,wNativeRelayer,0x0007ef1Cde141326b0da51c83CBAc3F6fEaF507C
OKX Web3,15151,115186,146,S,tokenApprove,0xd321ab5589d3e8fa5df985ccfef625022e2dd910
OKX Web3,15151,115185,146,S,tokenApproveProxy,0xCFF09e645a627B8208ef67dA294d0eDC2d255517
OKX Web3,15151,115185,146,S,dexRouter,0x4Efa4b8545a3a77D80Da3ECC8F81EdB1a4bda783
OKX Web3,15151,115185,146,S,SolidlyseriesAdapter,0x05A4D69B7e05Fb3C8904ea5158Bd2b7407e2F8e2
OKX Web3,15151,115185,146,S,UniV3Adapter,0xF3C793B1821Bb1301F8f79E770Cbf8A7129DdAE2
OKX Web3,15151,115185,146,S,XBridge,0xdCD47934F697890f9D4C3af2B8B42d7336235894
OKX Web3,15151,115186,146,S,UniV3Adapter2,0x117574Bd3a672AA36Df5AEaef5e3d7852EFcA61F
OKX Web3,15151,115186,146,S,DnyFeeAdapter,0x1aB238f67dE3b06C50b0a2A65C0b0DD374e4868D
OKX Web3,15151,115186,146,S,AlgebraAdapter,0x17896F0A085767b3b8f5F202fA2f5E3b724a68Aa
OKX Web3,15151,115186,1,eth,UniV4AdapterV2,0xfef3f65a2a613d52b7eb7c8407ac11ef0723cd8f
OKX Web3,15151,115186,80094,BERA,TokenApproveProxy,0x3170C59430334C4E1E964255De9B9a0f9Ad3627C
OKX Web3,15151,115186,80094,BERA,TokenApprove,0x7b7D82c6a11F8cA724E5E0d3b003C5D3DB520706
OKX Web3,15151,115186,1,eth,UniV4Adapter,0x9D8C745b8131DAf4204CfC6259E9EF6796AB3d53
OKX Web3,15151,115186,10,op,UniV4Adapter,0x12e55236d0743999716ebacbd1fe07f63719b0df
OKX Web3,15151,115186,8453,base,UniV4Adapter,0xA5f70d85Bc724910eBBbE40Ef6f5aafc33324091
OKX Web3,15151,115186,42161,ARB,UniV4Adapter,0x722db4f285F8bD91ef7AF6DA397e83f7fA4E80a7
OKX Web3,15151,115186,137,polygon,UniV4Adapter,0xa2bc2Fd6fcbb061D4D63A9aCc98BF7F48fa21f23
OKX Web3,15151,115186,43114,avax,UniV4Adapter,0x42170295F1173c9e5874ea9d00c6d137E1a4f53d
OKX Web3,15151,115186,81457,blast,UniV4Adapter,0x9Ac7b1FFEE0f58c0a3c89AA54Afb62efD25DC9fd
OKX Web3,15151,115186,56,bsc,UniV4Adapter,0xDeEF773D61719a3181E35e9281600Db8bA063f71
OKX Web3,15151,115186,784,SUI,dexrouter,0x8a802657ae00af9271d48199693c91c96ac005b18e63e97d267328fc8600ffa6
OKX Web3,15151,115186,784,SUI,dexrouter-extended,0x5b28ace7e49cfc897d3cfecc0544d163f19b70b0813872276c5c0e1be69cf7c3
OKX Web3,15151,115186,1,eth,dexrouter,0x1ef032a3c471a99cc31578c8007f256d95e89896
OKX Web3,15151,115186,1,eth,etherFiWeethAdapter,0x51a9c09D0b83Df1978b16D71A9b1235aE8672cEF
OKX Web3,15151,115186,1,eth,etherFiEethAdapter,0xCeB36ae340D272b1e2473717716Cc620EfCb533b
OKX Web3,15151,115186,1,eth,etherFiEbtcAdapter,0xa81E889c46aa065876896f5754fBEf0132883e96
OKX Web3,15151,115186,195,tron,XBridge,TVaV2BBs8tpthbp19QAy7ibmXLoYsomKDD
OKX Web3,15151,115186,501,SOL,XBridge,okxBd18urPbBi2vsExxUDArzQNcju2DugV9Mt46BxYE
OKX Web3,15151,115186,784,SUI,XBridge,0xf2bc791b6ba3b40ef88306443b9e42e01b202e7c7a82b1ada60aeeccb4600c2c
OKX Web3,15151,115186,784,SUI,XBridge,0x2a59779db357921b7190fb21515878d24c4f46209ebf599435d9a08ad57b3edc
OKX Web3,15151,115186,784,SUI,XBridge,0x6290f4add5cba4daa430368fc07549cb0c2324c4a9c23879471d98d81199b38a
OKX Web3,15151,115186,9004,STARKNET,XBridge,0x00e704db07356df9a2ba8cd2a131e0192b9d9d9ddb518eb3bd4e8fb4a1f0901c
OKX Web3,15151,115186,59144,linea,GasStationV3,0x2189f39BBE37361C8899751b486Ec050dAE672de
OKX Web3,15151,115186,8453,base,GasStationV3,0x61e7E4936E546910658F9458Ddfd785B44EC91Ae
OKX Web3,15151,115186,534352,scroll,GasStationV3,0x2189f39BBE37361C8899751b486Ec050dAE672de
OKX Web3,15151,115186,1,eth,GasStationV3,0x7AE91B984DA4795D9FD88419D051d0842f8d3677
OKX Web3,15151,115186,42161,arb,GasStationV3,0xE353f0Bfb9CB660B5fd9523bbc911556FaceBdab
OKX Web3,15151,115186,10,op,GasStationV3,0xc86fB5Bf6bfdE081fd627C639C05E70D23cf7717
OKX Web3,15151,115186,56,bsc,GasStationV3,0x9bf3f60252be1a2fD3Ed38086ED3d02b25B4EeAD
OKX Web3,15151,115186,137,polygon,GasStationV3,0xc5eE92E154CF78Eade01AA32E160A5feB467Da88
OKX Web3,15151,115186,43114,avax,GasStationV3,0x2189f39BBE37361C8899751b486Ec050dAE672de
OKX Web3,15151,115186,196,xlayer,GasStationV3,0x2189f39BBE37361C8899751b486Ec050dAE672de
OKX Web3,15151,115186,324,zksync,GasStationV3,0xB89A8297391340295Cf3833a994a082BBF33CB53
OKX Web3,15151,115186,195,tron,GasStationV3,TQENZeZwbYrvQt79Nrr76HMa317r4gfS8Y
OKX Web3,15151,115186,146,S,tokenApproveProxy,0xCFF09e645a627B8208ef67dA294d0eDC2d255517
OKX Web3,15151,115186,146,S,dexRouter,0x4Efa4b8545a3a77D80Da3ECC8F81EdB1a4bda783
OKX Web3,15151,115186,146,S,SolidlyseriesAdapter,0x05A4D69B7e05Fb3C8904ea5158Bd2b7407e2F8e2
OKX Web3,15151,115186,146,S,UniV3Adapter,0xF3C793B1821Bb1301F8f79E770Cbf8A7129DdAE2
OKX Web3,15151,115186,146,S,XBridge,0xdCD47934F697890f9D4C3af2B8B42d7336235894
OKX Web3,15151,115186,146,S,BalancerV2Adapter,0xBe0644B672cB39A05E5dcf7263Acf51879a5cf92
OKX Web3,15151,115186,146,S,BalancerV2ComposableAdapter,0xE8A80238D482b9da6c63dEAac900c166B7bF10Ed
OKX Web3,15151,115186,784,SUI,dexrouter,0xe42ca2f16029c503d69b09467b4fc6d11af15b56453a8427f913fa5f92d375d8
OKX Web3,15151,115186,42161,arb,NativeV3Adapter,0x173d05E396D3faB437A9C2395Dbb03A58C8A2e16
OKX Web3,15151,115186,56,bsc,NativeV3Adapter,0xCA4E9aae9e05FDc77Ba78ADd3350F908c8C2bFc2
OKX Web3,15151,115186,8453,base,NativeV3Adapter,0x3170C59430334C4E1E964255De9B9a0f9Ad3627C
OKX Web3,15151,115186,80094,BERA,NativeV3Adapter,0xdB6115477cc0748C9622e060f215014A614Fe148
OKX Web3,15151,115186,1,eth,NativeV3Adapter,0xB751a68D96960D973CfD3DfaED42947DeB1c89Be
OKX Web3,15151,115186,1,eth,dexRouter,0x5b4826f302D3043aB2B907f79c7E2e4E5CBC6AaC
OKX Web3,15151,115186,42161,arb,dexRouter,0xEB9194bFB0928cA93a53c226A9220736FF02633d
OKX Web3,15151,115186,43114,avax,dexRouter,0xC303C778B94d1D966529f9E2d480028f46cc8D53
OKX Web3,15151,115186,8453,base,dexRouter,0x5E8DF5b010D57e525562791717011D496676552A
OKX Web3,15151,115186,56,bsc,dexRouter,0x1fcFcCd40DE415BC69fE2F0ad4870aF70D7A2905
OKX Web3,15151,115186,169,manta,dexRouter,0x38575264810371C15F0E5744FA2Ab29cdef7245d
OKX Web3,15151,115186,34443,mode,dexRouter,0x9C3157572690eaaB6E6643A3cC22CbF7369E569f
OKX Web3,15151,115186,10,op,dexRouter,0x78160aBDfe9cB76CEC57492624fF9C7638c866aD
OKX Web3,15151,115186,137,polygon,dexRouter,0x88Cb4Df86AbA379Ce9c45AbcA18c80f23dEBf4A4
OKX Web3,15151,115186,534352,scroll,dexRouter,0x8Eb2198aaAB680cdf6339F1B7Fc93B7E1F05AD2D
OKX Web3,15151,115186,146,S,dexRouter,0x01D8EDB8eF96119d6Bada3F50463DeE6fe863B4C
OKX Web3,15151,115186,7000,zeta,dexRouter,0x4f06A83A803029b3f01c401f2d8b8E82f099f3D4
OKX Web3,15151,115186,324,zksync,dexRouter,0x8d401Eb9Fb8C5092e7AcaF153D26Ad83d4220117
OKX Web3,15151,115186,195,tron,dexRouter,TXZQ9Mzd1jf21rLc9o3JiyUAQorWDzMSNB
OKX Web3,15151,115186,250,ftm,dexRouter,0x9b9efa5Efa731EA9Bbb0369E91fA17Abf249CFD4
OKX Web3,15151,115186,25,cro,dexRouter,0x9b9efa5Efa731EA9Bbb0369E91fA17Abf249CFD4
OKX Web3,15151,115186,66,okc,dexRouter,0x9b9efa5Efa731EA9Bbb0369E91fA17Abf249CFD4
OKX Web3,15151,115186,14,FLR,dexRouter,0x9b9efa5Efa731EA9Bbb0369E91fA17Abf249CFD4
OKX Web3,15151,115186,1030,conflux,dexRouter,0x9b9efa5Efa731EA9Bbb0369E91fA17Abf249CFD4
OKX Web3,15151,115186,1101,polyzkevm,dexRouter,0x9b9efa5Efa731EA9Bbb0369E91fA17Abf249CFD4
OKX Web3,15151,115186,59144,linea,dexRouter,0x9b9efa5Efa731EA9Bbb0369E91fA17Abf249CFD4
OKX Web3,15151,115186,5000,mantle,dexRouter,0x9b9efa5Efa731EA9Bbb0369E91fA17Abf249CFD4
OKX Web3,15151,115186,70000014,canto,dexRouter,0x9b9efa5Efa731EA9Bbb0369E91fA17Abf249CFD4
OKX Web3,15151,115186,1088,metis,dexRouter,0x9FD43F5E4c24543b2eBC807321E58e6D350d6a5A
OKX Web3,15151,115186,4200,merlin,dexRouter,0x9b9efa5Efa731EA9Bbb0369E91fA17Abf249CFD4
OKX Web3,15151,115186,81457,blast,dexRouter,0x9b9efa5Efa731EA9Bbb0369E91fA17Abf249CFD4
OKX Web3,15151,115186,196,xlayer,dexRouter,0x9b9efa5Efa731EA9Bbb0369E91fA17Abf249CFD4
OKX Web3,15151,115186,1329,sei,dexRouter,0x9b9efa5Efa731EA9Bbb0369E91fA17Abf249CFD4
OKX Web3,15151,115186,33139,ape,dexRouter,0x9b9efa5Efa731EA9Bbb0369E91fA17Abf249CFD4
OKX Web3,15151,115186,4689,iotx,dexRouter,0x9b9efa5Efa731EA9Bbb0369E91fA17Abf249CFD4
OKX Web3,15151,115186,784,SUI,dexrouter,0x8a802657ae00af9271d48199693c91c96ac005b18e63e97d267328fc8600ffa6
OKX Web3,15151,115186,784,SUI,dexrouter-extended,0x340e0b2002b86e01421cb38678edd8e4fd88c8c46ed1ba6ce1e015f6de919457
OKX Web3,15151,115186,637,Aptos,dexrouter,0xb77f3b827d99ccb340dda870f50c0fb43ca6853963535e74fdc339ec826a8245
OKX Web3,15151,115186,137,polygon,dexRouter,0x55dfe128BB6B3dAdcBAB0F5639e3992CB96601eB
OKX Web3,15151,115186,1030,conflux,wNativeRelayer,0x40aA958dd87FC8305b97f2BA922CDdCa374bcD7f
OKX Web3,15151,115186,1,eth,dexRouter,0x156ACd2bc5fC336D59BAAE602a2BD9b5e20D6672
OKX Web3,15151,115186,42161,arb,dexRouter,0x01D8EDB8eF96119d6Bada3F50463DeE6fe863B4C
OKX Web3,15151,115186,43114,avax,dexRouter,0x38575264810371c15f0e5744fa2ab29cdef7245d
OKX Web3,15151,115186,8453,base,dexRouter,0x3D98f6F05E7940c056788Ff8492A943A0904240D
OKX Web3,15151,115186,56,bsc,dexRouter,0xc44Ad35B5A41C428c0eAE842F20F84D1ff6ed917
OKX Web3,15151,115186,169,manta,dexRouter,0x4f06A83A803029b3f01c401f2d8b8E82f099f3D4
OKX Web3,15151,115186,34443,mode,dexRouter,0xD1b8997AaC08c619d40Be2e4284c9C72cAB33954
OKX Web3,15151,115186,10,op,dexRouter,0x88156aAe243D7E2f8D92965581Ff169183D8355e
OKX Web3,15151,115186,137,polygon,dexRouter,0x5E8DF5b010D57e525562791717011D496676552A
OKX Web3,15151,115186,534352,scroll,dexRouter,0x88EDbF47032fB84E45D6CD6d8199F28C7aa77076
OKX Web3,15151,115186,146,S,dexRouter,0xC4617b5c33B588AA07Bc6f8E1Bcaa222378312Ca
OKX Web3,15151,115186,7000,zeta,dexRouter,0x927663e078bd642dbd4504300A30754A601e76B0
OKX Web3,15151,115186,324,zksync,dexRouter,0x6945C67f153a50fD0041c2F786664D89D0cC28Cb
OKX Web3,15151,115186,195,tron,dexRouter,TFMKD7FZKy6NeWxS3FA9fXnB8vd73y6irp
OKX Web3,15151,115186,250,ftm,dexRouter,0x411d2C093e4c2e69Bf0D8E94be1bF13DaDD879c6
OKX Web3,15151,115186,25,cro,dexRouter,0x411d2C093e4c2e69Bf0D8E94be1bF13DaDD879c6
OKX Web3,15151,115186,66,okc,dexRouter,0x411d2C093e4c2e69Bf0D8E94be1bF13DaDD879c6
OKX Web3,15151,115186,14,FLR,dexRouter,0x411d2C093e4c2e69Bf0D8E94be1bF13DaDD879c6
OKX Web3,15151,115186,1030,conflux,dexRouter,0x6747BcaF9bD5a5F0758Cbe08903490E45DdfACB5
OKX Web3,15151,115186,1101,polyzkevm,dexRouter,0x411d2C093e4c2e69Bf0D8E94be1bF13DaDD879c6
OKX Web3,15151,115186,59144,linea,dexRouter,0x7A7AD9aa93cd0A2D0255326E5Fb145CEc14997FF
OKX Web3,15151,115186,5000,mantle,dexRouter,0x411d2C093e4c2e69Bf0D8E94be1bF13DaDD879c6
OKX Web3,15151,115186,1088,metis,dexRouter,0x7A7AD9aa93cd0A2D0255326E5Fb145CEc14997FF
OKX Web3,15151,115186,4200,merlin,dexRouter,0x411d2C093e4c2e69Bf0D8E94be1bF13DaDD879c6
OKX Web3,15151,115186,81457,blast,dexRouter,0x411d2C093e4c2e69Bf0D8E94be1bF13DaDD879c6
OKX Web3,15151,115186,196,xlayer,dexRouter,0x411d2C093e4c2e69Bf0D8E94be1bF13DaDD879c6
OKX Web3,15151,115186,1329,sei,dexRouter,0x411d2C093e4c2e69Bf0D8E94be1bF13DaDD879c6
OKX Web3,15151,115186,33139,ape,dexRouter,0x411d2C093e4c2e69Bf0D8E94be1bF13DaDD879c6
OKX Web3,15151,115186,4689,iotx,dexRouter,0x7A7AD9aa93cd0A2D0255326E5Fb145CEc14997FF
